NO_UF,Indice_infra,SG_UF,CO_UF,NO_MUNICIPIO,CO_MUNICIPIO,QT_MAT_BAS,QT_MAT_INF,QT_MAT_INF_CRE,QT_MAT_INF_PRE,QT_MAT_FUND,QT_MAT_MED,QT_MAT_PROF,QT_MAT_INF_INT,QT_MAT_INF_CRE_INT,QT_MAT_INF_PRE_INT,QT_MAT_FUND_INT,QT_MAT_MED_INT,ano
['Bahia'],0.33921276816495577,['BA'],[29],['Andaraí'],[2901304],4707.0,312.0,0.0,312.0,3256.0,674.0,0.0,0.0,0.0,0.0,121.0,32.0,['2010']
['Ceará'],0.3259595043861747,['CE'],[23],['Antonina do Norte'],[2300804],2253.0,362.0,158.0,204.0,1549.0,312.0,0.0,0.0,0.0,0.0,1.0,10.0,['2010']
['Sergipe'],0.5005757592721807,['SE'],[28],['Arauá'],[2800407],3834.0,526.0,84.0,442.0,2248.0,726.0,144.0,0.0,0.0,0.0,0.0,383.0,['2010']
['Piauí' 'Alagoas'],0.29319657614620936,['PI' 'AL'],[22 27],['Batalha'],[2201507 2700706],13761.0,1708.0,546.0,1162.0,8637.0,1713.0,0.0,0.0,0.0,0.0,2.0,0.0,['2010']
['Maranhão'],0.22952328168135197,['MA'],[21],['Benedito Leite'],[2101806],1521.0,265.0,0.0,265.0,861.0,157.0,0.0,0.0,0.0,0.0,0.0,0.0,['2010']
['Maranhão'],0.37281440898233154,['MA'],[21],['Boa Vista do Gurupi'],[2101970],2928.0,682.0,0.0,682.0,1526.0,454.0,33.0,0.0,0.0,0.0,0.0,0.0,['2010']
['Bahia'],0.3662521579499935,['BA'],[29],['Boninal'],[2904001],3693.0,316.0,0.0,316.0,2547.0,830.0,0.0,0.0,0.0,0.0,0.0,0.0,['2010']
['Sergipe'],0.500264521495414,['SE'],[28],['Boquim'],[2800670],6948.0,811.0,236.0,575.0,4385.0,990.0,212.0,0.0,0.0,0.0,0.0,0.0,['2010']
['Bahia'],0.25892468316753003,['BA'],[29],['Buerarema'],[2904704],5071.0,393.0,0.0,393.0,3367.0,677.0,18.0,0.0,0.0,0.0,0.0,0.0,['2010']
['Piauí'],0.4470963936925446,['PI'],[22],['Cajueiro da Praia'],[2202083],2305.0,320.0,0.0,320.0,1571.0,276.0,0.0,0.0,0.0,0.0,0.0,0.0,['2010']
['Piauí'],0.19655569039065193,['PI'],[22],['Campinas do Piauí'],[2202109],1924.0,312.0,140.0,172.0,1152.0,164.0,34.0,0.0,0.0,0.0,12.0,0.0,['2010']
['Bahia'],0.271420193642927,['BA'],[29],['Caém'],[2905107],3329.0,513.0,170.0,343.0,2215.0,384.0,0.0,170.0,170.0,0.0,0.0,0.0,['2010']
['Sergipe'],0.4247487786517103,['SE'],[28],['Cristinápolis'],[2801702],5683.0,908.0,33.0,875.0,3817.0,549.0,86.0,69.0,33.0,36.0,1.0,0.0,['2010']
['Paraíba'],0.31292688392715984,['PB'],[25],['Dona Inês'],[2505709],2998.0,216.0,45.0,171.0,2042.0,565.0,0.0,45.0,45.0,0.0,1.0,0.0,['2010']
['Sergipe'],0.5225932813175451,['SE'],[28],['Estância'],[2802106],17826.0,2019.0,541.0,1478.0,11033.0,2221.0,168.0,541.0,541.0,0.0,1.0,0.0,['2010']
['Sergipe'],0.4075863124919626,['SE'],[28],['Indiaroba'],[2802809],6048.0,832.0,152.0,680.0,4112.0,851.0,170.0,0.0,0.0,0.0,0.0,0.0,['2010']
['Bahia'],0.3138547900800419,['BA'],[29],['Inhambupe'],[2913705],11285.0,1161.0,62.0,1099.0,7607.0,1473.0,82.0,307.0,62.0,245.0,0.0,54.0,['2010']
['Sergipe'],0.34851918852444513,['SE'],[28],['Itabaianinha'],[2803005],11579.0,1409.0,210.0,1199.0,8134.0,1593.0,98.0,62.0,62.0,0.0,19.0,0.0,['2010']
['Bahia'],0.30348272969879964,['BA'],[29],['Itaberaba'],[2914703],16253.0,1710.0,331.0,1379.0,10483.0,2053.0,791.0,331.0,331.0,0.0,0.0,0.0,['2010']
['Bahia'],0.3730488708627703,['BA'],[29],['Itagibá'],[2915205],4340.0,572.0,71.0,501.0,2657.0,677.0,0.0,71.0,71.0,0.0,1.0,0.0,['2010']
['Bahia'],0.21006399570458056,['BA'],[29],['Itapicuru'],[2916500],9540.0,979.0,61.0,918.0,6871.0,525.0,0.0,60.0,60.0,0.0,0.0,0.0,['2010']
['Sergipe'],0.4725265753155813,['SE'],[28],['Lagarto'],[2803500],26236.0,2638.0,506.0,2132.0,15914.0,4129.0,1229.0,37.0,37.0,0.0,478.0,0.0,['2010']
['Bahia'],0.2348901033424886,['BA'],[29],['Lagoa Real'],[2918753],3294.0,202.0,0.0,202.0,2589.0,503.0,0.0,0.0,0.0,0.0,0.0,0.0,['2010']
['Bahia'],0.26436320198548985,['BA'],[29],['Lajedinho'],[2919009],1197.0,194.0,49.0,145.0,823.0,142.0,0.0,49.0,49.0,0.0,0.0,0.0,['2010']
['Piauí'],0.3520555836629847,['PI'],[22],['Luzilândia'],[2205805],10091.0,1385.0,623.0,762.0,5410.0,1487.0,640.0,0.0,0.0,0.0,0.0,0.0,['2010']
['Maranhão'],0.1617341097568752,['MA'],[21],['Mirador'],[2106706],6514.0,1030.0,177.0,853.0,4203.0,775.0,0.0,0.0,0.0,0.0,0.0,0.0,['2010']
['Maranhão'],0.18537448157744926,['MA'],[21],['Monção'],[2106904],11084.0,2097.0,510.0,1587.0,6569.0,1126.0,0.0,0.0,0.0,0.0,26.0,0.0,['2010']
['Bahia'],0.19466521002515272,['BA'],[29],['Nova Canaã'],[2922706],4121.0,572.0,127.0,445.0,2667.0,613.0,0.0,241.0,127.0,114.0,1.0,0.0,['2010']
['Bahia'],0.4532106985060267,['BA'],[29],['Nova Viçosa'],[2923001],11225.0,1196.0,434.0,762.0,7338.0,1772.0,0.0,496.0,421.0,75.0,0.0,0.0,['2010']
['Piauí'],0.2470228066678645,['PI'],[22],['Passagem Franca do Piauí'],[2207751],1766.0,347.0,58.0,289.0,993.0,140.0,0.0,0.0,0.0,0.0,0.0,0.0,['2010']
['Sergipe'],0.4975190189224062,['SE'],[28],['Pedrinhas'],[2805109],3205.0,410.0,99.0,311.0,1767.0,469.0,80.0,0.0,0.0,0.0,0.0,0.0,['2010']
['Bahia'],0.13076698286625282,['BA'],[29],['Piraí do Norte'],[2924678],3296.0,347.0,82.0,265.0,1756.0,417.0,0.0,5.0,0.0,5.0,21.0,0.0,['2010']
['Sergipe'],0.3784152733156627,['SE'],[28],['Poço Verde'],[2805505],6147.0,737.0,150.0,587.0,4243.0,744.0,0.0,0.0,0.0,0.0,135.0,0.0,['2010']
['Piauí'],0.23626990291372663,['PI'],[22],['Riacho Frio'],[2208858],1677.0,204.0,65.0,139.0,1120.0,228.0,0.0,0.0,0.0,0.0,0.0,0.0,['2010']
['Sergipe'],0.33533000897923426,['SE'],[28],['Riachão do Dantas'],[2805802],6521.0,740.0,57.0,683.0,4254.0,745.0,0.0,161.0,57.0,104.0,0.0,0.0,['2010']
['Sergipe'],0.5461636642172462,['SE'],[28],['Rosário do Catete'],[2806107],2959.0,531.0,175.0,356.0,1752.0,186.0,0.0,30.0,10.0,20.0,0.0,14.0,['2010']
['Sergipe'],0.33439529405442703,['SE'],[28],['Salgado'],[2806206],5520.0,612.0,33.0,579.0,3718.0,544.0,0.0,33.0,33.0,0.0,0.0,0.0,['2010']
['Bahia'],0.2638333424959393,['BA'],[29],['Santa Brígida'],[2927606],4877.0,622.0,114.0,508.0,3315.0,682.0,0.0,114.0,114.0,0.0,1.0,0.0,['2010']
['Sergipe'],0.4354655510264644,['SE'],[28],['Santa Luzia do Itanhy'],[2806305],4795.0,803.0,0.0,803.0,3172.0,284.0,0.0,0.0,0.0,0.0,0.0,0.0,['2010']
['Sergipe'],0.3393732933330163,['SE'],[28],['Santa Rosa de Lima'],[2806503],1332.0,222.0,47.0,175.0,828.0,170.0,0.0,0.0,0.0,0.0,0.0,0.0,['2010']
['Pernambuco' 'Bahia'],0.23473768108132753,['PE' 'BA'],[26 29],['Santa Terezinha'],[2612802 2928505],5822.0,805.0,137.0,668.0,3532.0,940.0,160.0,0.0,0.0,0.0,1.0,0.0,['2010']
['Rio Grande do Norte' 'Bahia'],0.3479382699226596,['RN' 'BA'],[24 29],['Serrinha'],[2413508 2930501],27272.0,3231.0,1001.0,2230.0,15046.0,3472.0,1179.0,795.0,748.0,47.0,143.0,0.0,['2010']
['Sergipe'],0.4180512566496891,['SE'],[28],['Simão Dias'],[2807105],10341.0,982.0,237.0,745.0,6908.0,1403.0,229.0,334.0,227.0,107.0,0.0,0.0,['2010']
['Bahia'],0.4922706542738479,['BA'],[29],['São Felipe'],[2929107],5515.0,564.0,151.0,413.0,3756.0,1195.0,0.0,130.0,130.0,0.0,0.0,0.0,['2010']
['Bahia'],0.3526640039985919,['BA'],[29],['São José da Vitória'],[2929354],2184.0,232.0,0.0,232.0,1490.0,337.0,31.0,0.0,0.0,0.0,21.0,0.0,['2010']
['Pernambuco'],0.20059878359187702,['PE'],[26],['Terezinha'],[2615102],2383.0,357.0,104.0,253.0,1578.0,202.0,0.0,48.0,48.0,0.0,0.0,0.0,['2010']
['Sergipe'],0.3466413943881401,['SE'],[28],['Tobias Barreto'],[2807402],12375.0,919.0,51.0,868.0,9035.0,1579.0,0.0,51.0,51.0,0.0,1.0,0.0,['2010']
['Sergipe'],0.29448036240604675,['SE'],[28],['Tomar do Geru'],[2807501],4214.0,580.0,150.0,430.0,2930.0,462.0,63.0,125.0,125.0,0.0,0.0,0.0,['2010']
['Sergipe'],0.47260593422225466,['SE'],[28],['Umbaúba'],[2807600],6837.0,774.0,0.0,774.0,4548.0,1159.0,133.0,0.0,0.0,0.0,15.0,0.0,['2010']
['Bahia'],0.24263227902468257,['BA'],[29],['Andaraí'],[2901304],4545.0,365.0,0.0,365.0,2996.0,661.0,0.0,0.0,0.0,0.0,119.0,53.0,['2011']
['Ceará'],0.22240803596396289,['CE'],[23],['Antonina do Norte'],[2300804],2157.0,400.0,161.0,239.0,1399.0,312.0,0.0,0.0,0.0,0.0,0.0,0.0,['2011']
['Sergipe'],0.4777122782707744,['SE'],[28],['Arauá'],[2800407],3825.0,511.0,76.0,435.0,2205.0,683.0,55.0,0.0,0.0,0.0,0.0,0.0,['2011']
['Piauí' 'Alagoas'],0.23841088543324382,['PI' 'AL'],[22 27],['Batalha'],[2201507 2700706],13690.0,1689.0,509.0,1180.0,8131.0,1503.0,24.0,1.0,0.0,1.0,507.0,0.0,['2011']
['Maranhão'],0.208940449270331,['MA'],[21],['Benedito Leite'],[2101806],1410.0,332.0,0.0,332.0,769.0,182.0,0.0,0.0,0.0,0.0,0.0,0.0,['2011']
['Maranhão'],0.29113433917210657,['MA'],[21],['Boa Vista do Gurupi'],[2101970],2883.0,431.0,0.0,431.0,1778.0,468.0,0.0,0.0,0.0,0.0,0.0,0.0,['2011']
['Bahia'],0.3240701335004425,['BA'],[29],['Boninal'],[2904001],3642.0,307.0,0.0,307.0,2455.0,842.0,0.0,0.0,0.0,0.0,0.0,0.0,['2011']
['Sergipe'],0.33989167657045755,['SE'],[28],['Boquim'],[2800670],6625.0,752.0,213.0,539.0,4282.0,906.0,139.0,36.0,36.0,0.0,0.0,0.0,['2011']
['Bahia'],0.2643787708348857,['BA'],[29],['Buerarema'],[2904704],5516.0,403.0,0.0,403.0,3298.0,629.0,41.0,21.0,0.0,21.0,0.0,0.0,['2011']
['Piauí'],0.46137916216270136,['PI'],[22],['Cajueiro da Praia'],[2202083],2209.0,295.0,0.0,295.0,1501.0,238.0,0.0,0.0,0.0,0.0,0.0,0.0,['2011']
['Piauí'],0.18808832647726498,['PI'],[22],['Campinas do Piauí'],[2202109],1849.0,320.0,139.0,181.0,1116.0,166.0,27.0,0.0,0.0,0.0,1.0,0.0,['2011']
['Bahia'],0.20401614823068903,['BA'],[29],['Caém'],[2905107],3304.0,532.0,160.0,372.0,2121.0,457.0,0.0,160.0,160.0,0.0,1.0,0.0,['2011']
['Sergipe'],0.4330097588481588,['SE'],[28],['Cristinápolis'],[2801702],5637.0,921.0,49.0,872.0,3737.0,572.0,81.0,72.0,49.0,23.0,0.0,0.0,['2011']
['Paraíba'],0.3606041748866586,['PB'],[25],['Dona Inês'],[2505709],2952.0,186.0,52.0,134.0,1848.0,538.0,0.0,0.0,0.0,0.0,110.0,66.0,['2011']
['Sergipe'],0.40840153894407427,['SE'],[28],['Estância'],[2802106],17032.0,2047.0,548.0,1499.0,10107.0,2325.0,183.0,552.0,548.0,4.0,1923.0,2.0,['2011']
['Sergipe'],0.44256860334604237,['SE'],[28],['Indiaroba'],[2802809],5578.0,751.0,143.0,608.0,4077.0,695.0,79.0,0.0,0.0,0.0,0.0,0.0,['2011']
['Bahia'],0.2978886065786276,['BA'],[29],['Inhambupe'],[2913705],11174.0,1086.0,107.0,979.0,7542.0,1519.0,81.0,326.0,107.0,219.0,107.0,0.0,['2011']
['Sergipe'],0.30331227920412734,['SE'],[28],['Itabaianinha'],[2803005],11067.0,1446.0,228.0,1218.0,7583.0,1527.0,58.0,61.0,61.0,0.0,0.0,0.0,['2011']
['Bahia'],0.2997966472965889,['BA'],[29],['Itaberaba'],[2914703],16502.0,1617.0,354.0,1263.0,10396.0,2155.0,1200.0,336.0,312.0,24.0,1.0,0.0,['2011']
['Bahia'],0.2965464516704803,['BA'],[29],['Itagibá'],[2915205],4241.0,599.0,316.0,283.0,2574.0,638.0,0.0,66.0,66.0,0.0,0.0,0.0,['2011']
['Bahia'],0.1958057893597602,['BA'],[29],['Itapicuru'],[2916500],9367.0,987.0,63.0,924.0,6629.0,578.0,0.0,63.0,63.0,0.0,0.0,0.0,['2011']
['Sergipe'],0.4252687403533329,['SE'],[28],['Lagarto'],[2803500],25479.0,2663.0,583.0,2080.0,15154.0,4048.0,1114.0,33.0,33.0,0.0,559.0,0.0,['2011']
['Bahia'],0.19668979938032577,['BA'],[29],['Lagoa Real'],[2918753],3135.0,238.0,0.0,238.0,2332.0,487.0,28.0,0.0,0.0,0.0,0.0,0.0,['2011']
['Bahia'],0.21430385287572365,['BA'],[29],['Lajedinho'],[2919009],1122.0,153.0,47.0,106.0,782.0,143.0,0.0,47.0,47.0,0.0,0.0,0.0,['2011']
['Piauí'],0.3279228029752576,['PI'],[22],['Luzilândia'],[2205805],8601.0,1443.0,590.0,853.0,4640.0,1067.0,0.0,0.0,0.0,0.0,2.0,0.0,['2011']
['Maranhão'],0.1473953934588882,['MA'],[21],['Mirador'],[2106706],6438.0,957.0,195.0,762.0,4280.0,785.0,0.0,0.0,0.0,0.0,0.0,0.0,['2011']
['Maranhão'],0.19042366874303443,['MA'],[21],['Monção'],[2106904],11396.0,2109.0,575.0,1534.0,6726.0,1221.0,78.0,1.0,0.0,1.0,1295.0,0.0,['2011']
['Bahia'],0.19792893063120656,['BA'],[29],['Nova Canaã'],[2922706],4418.0,598.0,152.0,446.0,2888.0,548.0,0.0,230.0,140.0,90.0,0.0,1.0,['2011']
['Bahia'],0.4747988331136959,['BA'],[29],['Nova Viçosa'],[2923001],11263.0,1334.0,448.0,886.0,7081.0,1796.0,0.0,523.0,388.0,135.0,23.0,0.0,['2011']
['Piauí'],0.18681037054035943,['PI'],[22],['Passagem Franca do Piauí'],[2207751],1941.0,377.0,103.0,274.0,1056.0,104.0,0.0,0.0,0.0,0.0,1.0,0.0,['2011']
['Sergipe'],0.4342207801452109,['SE'],[28],['Pedrinhas'],[2805109],3206.0,471.0,124.0,347.0,1743.0,406.0,29.0,0.0,0.0,0.0,0.0,0.0,['2011']
['Bahia'],0.12574839555632497,['BA'],[29],['Piraí do Norte'],[2924678],3017.0,367.0,205.0,162.0,1667.0,370.0,0.0,0.0,0.0,0.0,0.0,0.0,['2011']
['Sergipe'],0.2530219314831601,['SE'],[28],['Poço Verde'],[2805505],5917.0,672.0,154.0,518.0,4110.0,796.0,0.0,0.0,0.0,0.0,139.0,0.0,['2011']
['Piauí'],0.23379624274312352,['PI'],[22],['Riacho Frio'],[2208858],1463.0,209.0,56.0,153.0,962.0,205.0,0.0,0.0,0.0,0.0,0.0,0.0,['2011']
['Sergipe'],0.31983505809502244,['SE'],[28],['Riachão do Dantas'],[2805802],6086.0,669.0,37.0,632.0,4197.0,699.0,0.0,111.0,37.0,74.0,81.0,0.0,['2011']
['Sergipe'],0.5737735801135185,['SE'],[28],['Rosário do Catete'],[2806107],2996.0,532.0,201.0,331.0,1756.0,228.0,0.0,0.0,0.0,0.0,0.0,0.0,['2011']
['Sergipe'],0.38454692628282766,['SE'],[28],['Salgado'],[2806206],5392.0,640.0,30.0,610.0,3546.0,568.0,0.0,30.0,30.0,0.0,0.0,0.0,['2011']
['Bahia'],0.2300160523415669,['BA'],[29],['Santa Brígida'],[2927606],4681.0,595.0,107.0,488.0,3193.0,648.0,0.0,107.0,107.0,0.0,0.0,0.0,['2011']
['Sergipe'],0.3831821870930556,['SE'],[28],['Santa Luzia do Itanhy'],[2806305],4494.0,599.0,0.0,599.0,3053.0,259.0,0.0,0.0,0.0,0.0,0.0,0.0,['2011']
['Sergipe'],0.3824806009499293,['SE'],[28],['Santa Rosa de Lima'],[2806503],1413.0,239.0,116.0,123.0,897.0,149.0,0.0,0.0,0.0,0.0,1.0,0.0,['2011']
['Pernambuco' 'Bahia'],0.22866167564083792,['PE' 'BA'],[26 29],['Santa Terezinha'],[2612802 2928505],5657.0,769.0,164.0,605.0,3478.0,896.0,150.0,0.0,0.0,0.0,0.0,0.0,['2011']
['Rio Grande do Norte' 'Bahia'],0.31195073075065416,['RN' 'BA'],[24 29],['Serrinha'],[2413508 2930501],26021.0,2902.0,977.0,1925.0,14072.0,3408.0,1585.0,855.0,854.0,1.0,60.0,66.0,['2011']
['Sergipe'],0.36468818217916094,['SE'],[28],['Simão Dias'],[2807105],10223.0,964.0,229.0,735.0,6885.0,1317.0,84.0,356.0,220.0,136.0,0.0,5.0,['2011']
['Bahia'],0.47937501221637185,['BA'],[29],['São Felipe'],[2929107],5453.0,530.0,142.0,388.0,3444.0,1315.0,0.0,142.0,142.0,0.0,1.0,0.0,['2011']
['Bahia'],0.30747274969433613,['BA'],[29],['São José da Vitória'],[2929354],2050.0,157.0,0.0,157.0,1358.0,309.0,39.0,0.0,0.0,0.0,0.0,0.0,['2011']
['Pernambuco'],0.1745687013019821,['PE'],[26],['Terezinha'],[2615102],2330.0,347.0,66.0,281.0,1571.0,220.0,0.0,0.0,0.0,0.0,0.0,0.0,['2011']
['Sergipe'],0.28637783801325045,['SE'],[28],['Tobias Barreto'],[2807402],12380.0,1072.0,52.0,1020.0,8610.0,1721.0,0.0,52.0,52.0,0.0,3.0,0.0,['2011']
['Sergipe'],0.2536455464360331,['SE'],[28],['Tomar do Geru'],[2807501],3788.0,513.0,89.0,424.0,2698.0,397.0,20.0,129.0,89.0,40.0,18.0,0.0,['2011']
['Sergipe'],0.3980159837636729,['SE'],[28],['Umbaúba'],[2807600],6419.0,783.0,0.0,783.0,4311.0,1057.0,0.0,25.0,0.0,25.0,3.0,0.0,['2011']
['Bahia'],0.28403381144835266,['BA'],[29],['Andaraí'],[2901304],4363.0,381.0,0.0,381.0,2924.0,641.0,0.0,25.0,0.0,25.0,124.0,62.0,['2012']
['Ceará'],0.25554605980205525,['CE'],[23],['Antonina do Norte'],[2300804],2184.0,425.0,159.0,266.0,1423.0,314.0,0.0,0.0,0.0,0.0,127.0,13.0,['2012']
['Sergipe'],0.48568511817889054,['SE'],[28],['Arauá'],[2800407],3611.0,504.0,113.0,391.0,2114.0,686.0,45.0,0.0,0.0,0.0,0.0,0.0,['2012']
['Piauí' 'Alagoas'],0.3341589541333512,['PI' 'AL'],[22 27],['Batalha'],[2201507 2700706],13310.0,1662.0,594.0,1068.0,7735.0,1521.0,168.0,0.0,0.0,0.0,407.0,0.0,['2012']
['Maranhão'],0.22583415866492448,['MA'],[21],['Benedito Leite'],[2101806],1308.0,201.0,2.0,199.0,839.0,177.0,0.0,0.0,0.0,0.0,0.0,1.0,['2012']
['Maranhão'],0.30537063720142993,['MA'],[21],['Boa Vista do Gurupi'],[2101970],3000.0,400.0,0.0,400.0,1853.0,526.0,0.0,0.0,0.0,0.0,0.0,0.0,['2012']
['Bahia'],0.4310622302115158,['BA'],[29],['Boninal'],[2904001],3486.0,357.0,0.0,357.0,2310.0,784.0,132.0,0.0,0.0,0.0,0.0,0.0,['2012']
['Sergipe'],0.3736343044999565,['SE'],[28],['Boquim'],[2800670],6320.0,752.0,227.0,525.0,4066.0,919.0,60.0,39.0,39.0,0.0,224.0,0.0,['2012']
['Bahia'],0.2525762879924551,['BA'],[29],['Buerarema'],[2904704],4696.0,380.0,10.0,370.0,2830.0,631.0,43.0,0.0,0.0,0.0,0.0,0.0,['2012']
['Piauí'],0.4800224230388318,['PI'],[22],['Cajueiro da Praia'],[2202083],2114.0,318.0,0.0,318.0,1441.0,210.0,0.0,0.0,0.0,0.0,1.0,0.0,['2012']
['Piauí'],0.21807055374795314,['PI'],[22],['Campinas do Piauí'],[2202109],1622.0,310.0,142.0,168.0,1041.0,113.0,31.0,0.0,0.0,0.0,0.0,0.0,['2012']
['Bahia'],0.21086464309000505,['BA'],[29],['Caém'],[2905107],3254.0,496.0,145.0,351.0,2111.0,514.0,0.0,145.0,145.0,0.0,0.0,0.0,['2012']
['Sergipe'],0.46163010543904764,['SE'],[28],['Cristinápolis'],[2801702],5672.0,920.0,197.0,723.0,3702.0,585.0,75.0,193.0,174.0,19.0,64.0,0.0,['2012']
['Paraíba'],0.38383856176960895,['PB'],[25],['Dona Inês'],[2505709],2968.0,347.0,89.0,258.0,1842.0,516.0,0.0,0.0,0.0,0.0,111.0,50.0,['2012']
['Sergipe'],0.41635921374560686,['SE'],[28],['Estância'],[2802106],16548.0,2007.0,658.0,1349.0,9747.0,2184.0,350.0,658.0,658.0,0.0,2969.0,11.0,['2012']
['Sergipe'],0.4504855679824214,['SE'],[28],['Indiaroba'],[2802809],5410.0,649.0,49.0,600.0,3883.0,730.0,165.0,0.0,0.0,0.0,0.0,0.0,['2012']
['Bahia'],0.31498100501517523,['BA'],[29],['Inhambupe'],[2913705],10684.0,1099.0,127.0,972.0,6796.0,1623.0,159.0,321.0,127.0,194.0,114.0,0.0,['2012']
['Sergipe'],0.32937943052215585,['SE'],[28],['Itabaianinha'],[2803005],10903.0,1404.0,212.0,1192.0,7422.0,1487.0,45.0,57.0,57.0,0.0,0.0,0.0,['2012']
['Bahia'],0.3082308089815327,['BA'],[29],['Itaberaba'],[2914703],16579.0,1830.0,402.0,1428.0,10268.0,2306.0,1282.0,307.0,307.0,0.0,2.0,0.0,['2012']
['Bahia'],0.33959195985388424,['BA'],[29],['Itagibá'],[2915205],3913.0,447.0,55.0,392.0,2493.0,638.0,0.0,55.0,55.0,0.0,2.0,0.0,['2012']
['Bahia'],0.2606482689327065,['BA'],[29],['Itapicuru'],[2916500],9177.0,1048.0,79.0,969.0,6527.0,471.0,0.0,79.0,79.0,0.0,4.0,0.0,['2012']
['Sergipe'],0.4673328646570544,['SE'],[28],['Lagarto'],[2803500],24765.0,2811.0,731.0,2080.0,14713.0,4187.0,868.0,80.0,80.0,0.0,900.0,0.0,['2012']
['Bahia'],0.2109902405300462,['BA'],[29],['Lagoa Real'],[2918753],2980.0,238.0,0.0,238.0,2102.0,523.0,24.0,0.0,0.0,0.0,0.0,0.0,['2012']
['Bahia'],0.24051454210748985,['BA'],[29],['Lajedinho'],[2919009],1061.0,146.0,44.0,102.0,742.0,135.0,0.0,63.0,44.0,19.0,0.0,0.0,['2012']
['Piauí'],0.40269493314139326,['PI'],[22],['Luzilândia'],[2205805],8557.0,1406.0,563.0,843.0,4706.0,988.0,136.0,0.0,0.0,0.0,153.0,5.0,['2012']
['Maranhão'],0.14915791564237402,['MA'],[21],['Mirador'],[2106706],6197.0,1007.0,237.0,770.0,3942.0,855.0,0.0,16.0,0.0,16.0,1.0,0.0,['2012']
['Maranhão'],0.20181665911178434,['MA'],[21],['Monção'],[2106904],11199.0,1959.0,574.0,1385.0,6546.0,1392.0,74.0,0.0,0.0,0.0,1914.0,22.0,['2012']
['Bahia'],0.22309685468974558,['BA'],[29],['Nova Canaã'],[2922706],4303.0,561.0,126.0,435.0,2695.0,510.0,0.0,204.0,124.0,80.0,0.0,0.0,['2012']
['Bahia'],0.5043542559468456,['BA'],[29],['Nova Viçosa'],[2923001],11181.0,1355.0,484.0,871.0,6987.0,1766.0,0.0,537.0,457.0,80.0,0.0,0.0,['2012']
['Piauí'],0.2963149186778498,['PI'],[22],['Passagem Franca do Piauí'],[2207751],1963.0,323.0,124.0,199.0,1072.0,103.0,0.0,0.0,0.0,0.0,0.0,0.0,['2012']
['Sergipe'],0.5304106509074236,['SE'],[28],['Pedrinhas'],[2805109],3242.0,448.0,164.0,284.0,1727.0,415.0,26.0,0.0,0.0,0.0,0.0,0.0,['2012']
['Bahia'],0.15065342595872191,['BA'],[29],['Piraí do Norte'],[2924678],2840.0,385.0,85.0,300.0,1639.0,311.0,0.0,0.0,0.0,0.0,0.0,0.0,['2012']
['Sergipe'],0.27583171815252855,['SE'],[28],['Poço Verde'],[2805505],5743.0,604.0,166.0,438.0,3922.0,797.0,188.0,0.0,0.0,0.0,219.0,0.0,['2012']
['Piauí'],0.1970302550499739,['PI'],[22],['Riacho Frio'],[2208858],1467.0,235.0,77.0,158.0,950.0,199.0,0.0,0.0,0.0,0.0,18.0,0.0,['2012']
['Sergipe'],0.346228530607434,['SE'],[28],['Riachão do Dantas'],[2805802],5819.0,654.0,66.0,588.0,3998.0,688.0,0.0,91.0,42.0,49.0,0.0,0.0,['2012']
['Sergipe'],0.6611719377094794,['SE'],[28],['Rosário do Catete'],[2806107],3131.0,531.0,195.0,336.0,1776.0,299.0,0.0,0.0,0.0,0.0,0.0,0.0,['2012']
['Sergipe'],0.3965915180536008,['SE'],[28],['Salgado'],[2806206],5169.0,637.0,26.0,611.0,3274.0,614.0,0.0,26.0,26.0,0.0,0.0,0.0,['2012']
['Bahia'],0.24432359423613204,['BA'],[29],['Santa Brígida'],[2927606],4609.0,602.0,104.0,498.0,3097.0,662.0,0.0,104.0,104.0,0.0,0.0,0.0,['2012']
['Sergipe'],0.3728543311243062,['SE'],[28],['Santa Luzia do Itanhy'],[2806305],4285.0,603.0,52.0,551.0,2914.0,282.0,0.0,0.0,0.0,0.0,56.0,0.0,['2012']
['Sergipe'],0.44413362970819675,['SE'],[28],['Santa Rosa de Lima'],[2806503],1322.0,273.0,136.0,137.0,827.0,139.0,0.0,0.0,0.0,0.0,0.0,0.0,['2012']
['Pernambuco' 'Bahia'],0.24268652834840848,['PE' 'BA'],[26 29],['Santa Terezinha'],[2612802 2928505],5516.0,736.0,201.0,535.0,3261.0,882.0,132.0,0.0,0.0,0.0,0.0,0.0,['2012']
['Rio Grande do Norte' 'Bahia'],0.41550882195122846,['RN' 'BA'],[24 29],['Serrinha'],[2413508 2930501],22945.0,2766.0,999.0,1767.0,12769.0,3236.0,1720.0,862.0,814.0,48.0,6491.0,1.0,['2012']
['Sergipe'],0.38956357687420534,['SE'],[28],['Simão Dias'],[2807105],10123.0,1120.0,314.0,806.0,6609.0,1261.0,30.0,394.0,254.0,140.0,225.0,0.0,['2012']
['Bahia'],0.5169739389766348,['BA'],[29],['São Felipe'],[2929107],5033.0,529.0,149.0,380.0,3007.0,1310.0,0.0,134.0,129.0,5.0,9.0,0.0,['2012']
['Bahia'],0.3297821643096592,['BA'],[29],['São José da Vitória'],[2929354],2001.0,173.0,0.0,173.0,1234.0,292.0,181.0,0.0,0.0,0.0,0.0,0.0,['2012']
['Pernambuco'],0.17760854056606193,['PE'],[26],['Terezinha'],[2615102],2109.0,303.0,54.0,249.0,1485.0,245.0,0.0,0.0,0.0,0.0,0.0,0.0,['2012']
['Sergipe'],0.3255763416430638,['SE'],[28],['Tobias Barreto'],[2807402],12177.0,1169.0,52.0,1117.0,8384.0,1638.0,0.0,52.0,52.0,0.0,0.0,0.0,['2012']
['Sergipe'],0.24148525921079758,['SE'],[28],['Tomar do Geru'],[2807501],3575.0,506.0,97.0,409.0,2640.0,409.0,19.0,176.0,97.0,79.0,0.0,0.0,['2012']
['Sergipe'],0.4171252886211575,['SE'],[28],['Umbaúba'],[2807600],6402.0,675.0,0.0,675.0,4198.0,1110.0,0.0,0.0,0.0,0.0,3.0,1.0,['2012']
['Bahia'],0.2918455618515417,['BA'],[29],['Andaraí'],[2901304],4220.0,481.0,48.0,433.0,2794.0,513.0,95.0,69.0,48.0,21.0,335.0,0.0,['2013']
['Ceará'],0.30132057957724867,['CE'],[23],['Antonina do Norte'],[2300804],2105.0,378.0,157.0,221.0,1334.0,305.0,0.0,0.0,0.0,0.0,0.0,0.0,['2013']
['Sergipe'],0.5035487113003752,['SE'],[28],['Arauá'],[2800407],3755.0,766.0,432.0,334.0,1977.0,673.0,18.0,0.0,0.0,0.0,847.0,1.0,['2013']
['Piauí' 'Alagoas'],0.2986130702665137,['PI' 'AL'],[22 27],['Batalha'],[2201507 2700706],12916.0,1638.0,568.0,1070.0,7420.0,1739.0,78.0,20.0,0.0,20.0,347.0,1.0,['2013']
['Maranhão'],0.20109886302953672,['MA'],[21],['Benedito Leite'],[2101806],1273.0,211.0,0.0,211.0,788.0,169.0,0.0,4.0,0.0,4.0,3.0,0.0,['2013']
['Maranhão'],0.31041055990526495,['MA'],[21],['Boa Vista do Gurupi'],[2101970],2818.0,398.0,0.0,398.0,1770.0,559.0,0.0,0.0,0.0,0.0,0.0,0.0,['2013']
['Bahia'],0.34490033688584665,['BA'],[29],['Boninal'],[2904001],3402.0,367.0,0.0,367.0,2180.0,855.0,0.0,0.0,0.0,0.0,0.0,0.0,['2013']
['Sergipe'],0.42721121799528106,['SE'],[28],['Boquim'],[2800670],6227.0,762.0,242.0,520.0,3938.0,945.0,22.0,38.0,38.0,0.0,311.0,0.0,['2013']
['Bahia'],0.26243474272020145,['BA'],[29],['Buerarema'],[2904704],4491.0,400.0,39.0,361.0,2659.0,643.0,73.0,1.0,0.0,1.0,1.0,0.0,['2013']
['Piauí'],0.4727975112106863,['PI'],[22],['Cajueiro da Praia'],[2202083],2041.0,331.0,0.0,331.0,1453.0,233.0,0.0,0.0,0.0,0.0,0.0,0.0,['2013']
['Piauí'],0.29162049531226214,['PI'],[22],['Campinas do Piauí'],[2202109],1525.0,288.0,128.0,160.0,1007.0,119.0,16.0,0.0,0.0,0.0,61.0,0.0,['2013']
['Bahia'],0.3116814593762043,['BA'],[29],['Caém'],[2905107],3072.0,493.0,172.0,321.0,1980.0,459.0,0.0,201.0,172.0,29.0,0.0,0.0,['2013']
['Sergipe'],0.4739482048619159,['SE'],[28],['Cristinápolis'],[2801702],5472.0,869.0,257.0,612.0,3572.0,544.0,0.0,202.0,151.0,51.0,1237.0,0.0,['2013']
['Paraíba'],0.3734930963235084,['PB'],[25],['Dona Inês'],[2505709],3093.0,355.0,89.0,266.0,1749.0,551.0,0.0,23.0,23.0,0.0,231.0,30.0,['2013']
['Sergipe'],0.4427856887036397,['SE'],[28],['Estância'],[2802106],15788.0,1930.0,612.0,1318.0,9289.0,2278.0,324.0,544.0,544.0,0.0,3638.0,0.0,['2013']
['Sergipe'],0.44141497433778387,['SE'],[28],['Indiaroba'],[2802809],5169.0,612.0,0.0,612.0,3721.0,673.0,102.0,26.0,0.0,26.0,0.0,0.0,['2013']
['Bahia'],0.31792611551754063,['BA'],[29],['Inhambupe'],[2913705],10256.0,1165.0,113.0,1052.0,6600.0,1431.0,91.0,307.0,103.0,204.0,229.0,3.0,['2013']
['Sergipe'],0.3829662627843386,['SE'],[28],['Itabaianinha'],[2803005],10919.0,1399.0,194.0,1205.0,7448.0,1523.0,10.0,73.0,44.0,29.0,3027.0,0.0,['2013']
['Bahia'],0.33484788336957017,['BA'],[29],['Itaberaba'],[2914703],16447.0,2003.0,427.0,1576.0,9600.0,2333.0,1277.0,325.0,316.0,9.0,560.0,1.0,['2013']
['Bahia'],0.3564121172074943,['BA'],[29],['Itagibá'],[2915205],3922.0,439.0,59.0,380.0,2474.0,617.0,0.0,59.0,59.0,0.0,0.0,0.0,['2013']
['Bahia'],0.30408371012836327,['BA'],[29],['Itapicuru'],[2916500],7927.0,1027.0,78.0,949.0,5614.0,544.0,0.0,78.0,78.0,0.0,4.0,4.0,['2013']
['Sergipe'],0.48896816351639744,['SE'],[28],['Lagarto'],[2803500],23884.0,2761.0,702.0,2059.0,14234.0,4152.0,827.0,53.0,53.0,0.0,3090.0,0.0,['2013']
['Bahia'],0.2357883594280769,['BA'],[29],['Lagoa Real'],[2918753],2828.0,261.0,0.0,261.0,2028.0,470.0,23.0,0.0,0.0,0.0,0.0,0.0,['2013']
['Bahia'],0.2582417651432735,['BA'],[29],['Lajedinho'],[2919009],1113.0,159.0,61.0,98.0,747.0,91.0,0.0,74.0,61.0,13.0,290.0,0.0,['2013']
['Piauí'],0.41838944572200215,['PI'],[22],['Luzilândia'],[2205805],8186.0,1446.0,604.0,842.0,4565.0,835.0,0.0,0.0,0.0,0.0,281.0,0.0,['2013']
['Maranhão'],0.15244195837990074,['MA'],[21],['Mirador'],[2106706],5929.0,954.0,189.0,765.0,3727.0,839.0,0.0,12.0,0.0,12.0,0.0,0.0,['2013']
['Maranhão'],0.23030654960209193,['MA'],[21],['Monção'],[2106904],10280.0,1848.0,569.0,1279.0,6046.0,1410.0,116.0,90.0,49.0,41.0,1716.0,0.0,['2013']
['Bahia'],0.27720307943877187,['BA'],[29],['Nova Canaã'],[2922706],4109.0,503.0,156.0,347.0,2550.0,455.0,0.0,182.0,104.0,78.0,61.0,0.0,['2013']
['Bahia'],0.5047367169044212,['BA'],[29],['Nova Viçosa'],[2923001],11052.0,1447.0,436.0,1011.0,6918.0,1733.0,0.0,489.0,422.0,67.0,1363.0,0.0,['2013']
['Piauí'],0.29289956822264324,['PI'],[22],['Passagem Franca do Piauí'],[2207751],1674.0,260.0,94.0,166.0,1033.0,134.0,0.0,0.0,0.0,0.0,0.0,0.0,['2013']
['Sergipe'],0.5264916433309581,['SE'],[28],['Pedrinhas'],[2805109],3029.0,404.0,157.0,247.0,1646.0,371.0,6.0,0.0,0.0,0.0,271.0,0.0,['2013']
['Bahia'],0.1602686455317573,['BA'],[29],['Piraí do Norte'],[2924678],2549.0,327.0,61.0,266.0,1481.0,227.0,0.0,0.0,0.0,0.0,1.0,0.0,['2013']
['Sergipe'],0.42890538895611785,['SE'],[28],['Poço Verde'],[2805505],5577.0,606.0,153.0,453.0,3732.0,869.0,130.0,0.0,0.0,0.0,509.0,0.0,['2013']
['Piauí'],0.20813542523372547,['PI'],[22],['Riacho Frio'],[2208858],1451.0,289.0,81.0,208.0,937.0,168.0,0.0,0.0,0.0,0.0,0.0,0.0,['2013']
['Sergipe'],0.350215606044285,['SE'],[28],['Riachão do Dantas'],[2805802],5688.0,627.0,91.0,536.0,4023.0,650.0,0.0,63.0,59.0,4.0,10.0,0.0,['2013']
['Sergipe'],0.6850008216714024,['SE'],[28],['Rosário do Catete'],[2806107],3012.0,537.0,222.0,315.0,1729.0,258.0,0.0,0.0,0.0,0.0,137.0,0.0,['2013']
['Sergipe'],0.4069316865770375,['SE'],[28],['Salgado'],[2806206],5019.0,582.0,36.0,546.0,3244.0,567.0,0.0,36.0,36.0,0.0,100.0,0.0,['2013']
['Bahia'],0.27884274357731675,['BA'],[29],['Santa Brígida'],[2927606],4466.0,616.0,103.0,513.0,3038.0,632.0,0.0,103.0,103.0,0.0,1.0,0.0,['2013']
['Sergipe'],0.3775695077733055,['SE'],[28],['Santa Luzia do Itanhy'],[2806305],5360.0,882.0,345.0,537.0,3106.0,300.0,0.0,0.0,0.0,0.0,2062.0,0.0,['2013']
['Sergipe'],0.4913802067696922,['SE'],[28],['Santa Rosa de Lima'],[2806503],1394.0,269.0,147.0,122.0,822.0,122.0,0.0,0.0,0.0,0.0,366.0,1.0,['2013']
['Pernambuco' 'Bahia'],0.26172080990075,['PE' 'BA'],[26 29],['Santa Terezinha'],[2612802 2928505],5348.0,765.0,222.0,543.0,3261.0,824.0,86.0,0.0,0.0,0.0,0.0,151.0,['2013']
['Rio Grande do Norte' 'Bahia'],0.3332691932037429,['RN' 'BA'],[24 29],['Serrinha'],[2413508 2930501],21599.0,2805.0,1117.0,1688.0,12052.0,3340.0,1597.0,888.0,874.0,14.0,2962.0,227.0,['2013']
['Sergipe'],0.4138251815022941,['SE'],[28],['Simão Dias'],[2807105],9789.0,1152.0,358.0,794.0,6395.0,1288.0,6.0,432.0,297.0,135.0,316.0,0.0,['2013']
['Bahia'],0.2509443350794355,['BA'],[29],['São Felipe'],[2929107],5444.0,533.0,76.0,457.0,3252.0,1289.0,0.0,119.0,52.0,67.0,1081.0,49.0,['2013']
['Bahia'],0.34995671942173884,['BA'],[29],['São José da Vitória'],[2929354],1970.0,181.0,0.0,181.0,1215.0,240.0,27.0,0.0,0.0,0.0,0.0,0.0,['2013']
['Pernambuco'],0.19127251548576132,['PE'],[26],['Terezinha'],[2615102],2031.0,281.0,24.0,257.0,1432.0,277.0,0.0,0.0,0.0,0.0,0.0,0.0,['2013']
['Sergipe'],0.36081416982167125,['SE'],[28],['Tobias Barreto'],[2807402],11824.0,1290.0,54.0,1236.0,8050.0,1721.0,0.0,54.0,54.0,0.0,513.0,0.0,['2013']
['Sergipe'],0.25718667983530474,['SE'],[28],['Tomar do Geru'],[2807501],3431.0,525.0,82.0,443.0,2389.0,417.0,0.0,151.0,82.0,69.0,935.0,0.0,['2013']
['Sergipe'],0.44648372039640305,['SE'],[28],['Umbaúba'],[2807600],6371.0,710.0,0.0,710.0,4109.0,1087.0,0.0,0.0,0.0,0.0,614.0,5.0,['2013']
['Bahia'],0.5827056024200757,['BA'],[29],['Andaraí'],[2901304],4146.0,492.0,63.0,429.0,2697.0,522.0,97.0,147.0,63.0,84.0,1818.0,146.0,['2014']
['Ceará'],0.33094404551406,['CE'],[23],['Antonina do Norte'],[2300804],2011.0,364.0,171.0,193.0,1240.0,343.0,0.0,0.0,0.0,0.0,0.0,0.0,['2014']
['Sergipe'],0.5201122751245227,['SE'],[28],['Arauá'],[2800407],3644.0,721.0,239.0,482.0,1912.0,650.0,0.0,0.0,0.0,0.0,1134.0,0.0,['2014']
['Piauí' 'Alagoas'],0.32391113817863143,['PI' 'AL'],[22 27],['Batalha'],[2201507 2700706],13453.0,1807.0,812.0,995.0,7304.0,1825.0,0.0,0.0,0.0,0.0,628.0,10.0,['2014']
['Maranhão'],0.22273822760591905,['MA'],[21],['Benedito Leite'],[2101806],1243.0,195.0,29.0,166.0,807.0,157.0,0.0,0.0,0.0,0.0,0.0,0.0,['2014']
['Maranhão'],0.3038164025933476,['MA'],[21],['Boa Vista do Gurupi'],[2101970],2907.0,370.0,0.0,370.0,1827.0,595.0,0.0,0.0,0.0,0.0,0.0,0.0,['2014']
['Bahia'],0.36195043267694604,['BA'],[29],['Boninal'],[2904001],3220.0,348.0,0.0,348.0,2096.0,776.0,0.0,0.0,0.0,0.0,1.0,0.0,['2014']
['Sergipe'],0.47604418871422594,['SE'],[28],['Boquim'],[2800670],5745.0,771.0,240.0,531.0,3714.0,922.0,0.0,35.0,35.0,0.0,366.0,0.0,['2014']
['Bahia'],0.28368595800772506,['BA'],[29],['Buerarema'],[2904704],4222.0,487.0,116.0,371.0,2561.0,568.0,65.0,0.0,0.0,0.0,519.0,1.0,['2014']
['Piauí'],0.4702495261764045,['PI'],[22],['Cajueiro da Praia'],[2202083],2089.0,302.0,0.0,302.0,1342.0,246.0,127.0,0.0,0.0,0.0,0.0,0.0,['2014']
['Piauí'],0.29769867118763405,['PI'],[22],['Campinas do Piauí'],[2202109],1426.0,264.0,91.0,173.0,940.0,146.0,0.0,0.0,0.0,0.0,524.0,25.0,['2014']
['Bahia'],0.37497904956264383,['BA'],[29],['Caém'],[2905107],2922.0,413.0,148.0,265.0,1925.0,385.0,0.0,148.0,148.0,0.0,515.0,0.0,['2014']
['Sergipe'],0.5329605454803691,['SE'],[28],['Cristinápolis'],[2801702],5427.0,890.0,146.0,744.0,3542.0,602.0,0.0,195.0,146.0,49.0,1378.0,0.0,['2014']
['Paraíba'],0.37749047262392005,['PB'],[25],['Dona Inês'],[2505709],2883.0,359.0,94.0,265.0,1643.0,538.0,0.0,20.0,20.0,0.0,514.0,0.0,['2014']
['Sergipe'],0.4618375329652305,['SE'],[28],['Estância'],[2802106],15456.0,1941.0,635.0,1306.0,8938.0,2177.0,356.0,512.0,512.0,0.0,3437.0,24.0,['2014']
['Sergipe'],0.4435764662648605,['SE'],[28],['Indiaroba'],[2802809],4979.0,644.0,86.0,558.0,3637.0,680.0,0.0,0.0,0.0,0.0,1125.0,0.0,['2014']
['Bahia'],0.3500232928333197,['BA'],[29],['Inhambupe'],[2913705],9826.0,1152.0,100.0,1052.0,6383.0,1416.0,110.0,302.0,86.0,216.0,278.0,0.0,['2014']
['Sergipe'],0.4024887609620332,['SE'],[28],['Itabaianinha'],[2803005],10490.0,1330.0,212.0,1118.0,7124.0,1561.0,0.0,66.0,61.0,5.0,1918.0,0.0,['2014']
['Bahia'],0.34803898782515447,['BA'],[29],['Itaberaba'],[2914703],15804.0,1966.0,635.0,1331.0,9627.0,2249.0,1007.0,356.0,356.0,0.0,4019.0,0.0,['2014']
['Bahia'],0.361754734001821,['BA'],[29],['Itagibá'],[2915205],3833.0,461.0,58.0,403.0,2510.0,413.0,0.0,58.0,58.0,0.0,1040.0,0.0,['2014']
['Bahia'],0.32672364669168463,['BA'],[29],['Itapicuru'],[2916500],8838.0,1017.0,74.0,943.0,6308.0,742.0,0.0,74.0,74.0,0.0,0.0,0.0,['2014']
['Sergipe'],0.5067471432440066,['SE'],[28],['Lagarto'],[2803500],22849.0,2693.0,716.0,1977.0,13558.0,4059.0,822.0,31.0,31.0,0.0,3225.0,0.0,['2014']
['Bahia'],0.24899697786224465,['BA'],[29],['Lagoa Real'],[2918753],2900.0,235.0,0.0,235.0,1991.0,507.0,20.0,0.0,0.0,0.0,0.0,0.0,['2014']
['Bahia'],0.27243726375000443,['BA'],[29],['Lajedinho'],[2919009],1053.0,126.0,22.0,104.0,721.0,92.0,0.0,32.0,22.0,10.0,0.0,0.0,['2014']
['Piauí'],0.4403496541104284,['PI'],[22],['Luzilândia'],[2205805],7853.0,1345.0,588.0,757.0,4432.0,732.0,0.0,0.0,0.0,0.0,288.0,39.0,['2014']
['Maranhão'],0.16807216680735487,['MA'],[21],['Mirador'],[2106706],5405.0,826.0,201.0,625.0,3425.0,890.0,0.0,2.0,0.0,2.0,0.0,0.0,['2014']
['Maranhão'],0.25319444467328567,['MA'],[21],['Monção'],[2106904],9517.0,1842.0,624.0,1218.0,5937.0,1242.0,55.0,110.0,49.0,61.0,2852.0,228.0,['2014']
['Bahia'],0.2776137191631018,['BA'],[29],['Nova Canaã'],[2922706],3717.0,506.0,144.0,362.0,2349.0,433.0,0.0,179.0,99.0,80.0,43.0,0.0,['2014']
['Bahia'],0.5679244805532249,['BA'],[29],['Nova Viçosa'],[2923001],10531.0,1402.0,443.0,959.0,6791.0,1577.0,0.0,507.0,432.0,75.0,1388.0,0.0,['2014']
['Piauí'],0.35091156483042635,['PI'],[22],['Passagem Franca do Piauí'],[2207751],1840.0,331.0,46.0,285.0,1053.0,147.0,0.0,0.0,0.0,0.0,54.0,39.0,['2014']
['Sergipe'],0.5295145639812573,['SE'],[28],['Pedrinhas'],[2805109],2916.0,350.0,163.0,187.0,1615.0,382.0,0.0,0.0,0.0,0.0,698.0,0.0,['2014']
['Bahia'],0.18168045464715304,['BA'],[29],['Piraí do Norte'],[2924678],2452.0,310.0,81.0,229.0,1420.0,205.0,0.0,0.0,0.0,0.0,0.0,0.0,['2014']
['Sergipe'],0.4501201670631577,['SE'],[28],['Poço Verde'],[2805505],5257.0,507.0,50.0,457.0,3555.0,918.0,0.0,0.0,0.0,0.0,400.0,0.0,['2014']
['Piauí'],0.2244830857283138,['PI'],[22],['Riacho Frio'],[2208858],1415.0,258.0,90.0,168.0,939.0,169.0,0.0,0.0,0.0,0.0,0.0,0.0,['2014']
['Sergipe'],0.3790144532535417,['SE'],[28],['Riachão do Dantas'],[2805802],5385.0,565.0,62.0,503.0,3867.0,656.0,0.0,19.0,19.0,0.0,0.0,0.0,['2014']
['Sergipe'],0.6862957307708991,['SE'],[28],['Rosário do Catete'],[2806107],2836.0,482.0,177.0,305.0,1692.0,264.0,0.0,0.0,0.0,0.0,457.0,0.0,['2014']
['Sergipe'],0.41827590223495664,['SE'],[28],['Salgado'],[2806206],4819.0,539.0,52.0,487.0,3189.0,585.0,0.0,92.0,52.0,40.0,1749.0,0.0,['2014']
['Bahia'],0.2799188661120251,['BA'],[29],['Santa Brígida'],[2927606],4267.0,587.0,103.0,484.0,2926.0,571.0,0.0,103.0,103.0,0.0,0.0,0.0,['2014']
['Sergipe'],0.3888983869979731,['SE'],[28],['Santa Luzia do Itanhy'],[2806305],4857.0,931.0,428.0,503.0,3029.0,278.0,0.0,1.0,0.0,1.0,2240.0,0.0,['2014']
['Sergipe'],0.5149681455613184,['SE'],[28],['Santa Rosa de Lima'],[2806503],1382.0,237.0,125.0,112.0,816.0,141.0,0.0,0.0,0.0,0.0,245.0,0.0,['2014']
['Pernambuco' 'Bahia'],0.2759179251029573,['PE' 'BA'],[26 29],['Santa Terezinha'],[2612802 2928505],5095.0,748.0,180.0,568.0,3111.0,933.0,53.0,0.0,0.0,0.0,0.0,305.0,['2014']
['Rio Grande do Norte' 'Bahia'],0.3364834503228773,['RN' 'BA'],[24 29],['Serrinha'],[2413508 2930501],21564.0,2734.0,1047.0,1687.0,11828.0,3684.0,1662.0,1670.0,969.0,701.0,5995.0,518.0,['2014']
['Sergipe'],0.45310022981341613,['SE'],[28],['Simão Dias'],[2807105],9494.0,1087.0,372.0,715.0,6178.0,1343.0,0.0,408.0,257.0,151.0,382.0,0.0,['2014']
['Bahia'],0.26055693384288087,['BA'],[29],['São Felipe'],[2929107],5575.0,648.0,217.0,431.0,2977.0,1112.0,0.0,352.0,107.0,245.0,2401.0,0.0,['2014']
['Bahia'],0.3613784899643698,['BA'],[29],['São José da Vitória'],[2929354],1773.0,177.0,0.0,177.0,1131.0,205.0,7.0,0.0,0.0,0.0,195.0,0.0,['2014']
['Pernambuco'],0.21262143508790776,['PE'],[26],['Terezinha'],[2615102],1950.0,305.0,36.0,269.0,1352.0,283.0,0.0,0.0,0.0,0.0,261.0,111.0,['2014']
['Sergipe'],0.36784672946546276,['SE'],[28],['Tobias Barreto'],[2807402],11509.0,1360.0,313.0,1047.0,7991.0,1633.0,0.0,68.0,68.0,0.0,868.0,0.0,['2014']
['Sergipe'],0.2663896190245057,['SE'],[28],['Tomar do Geru'],[2807501],3380.0,527.0,73.0,454.0,2263.0,456.0,0.0,143.0,73.0,70.0,1125.0,0.0,['2014']
['Sergipe'],0.48729971582558507,['SE'],[28],['Umbaúba'],[2807600],6396.0,715.0,0.0,715.0,4150.0,1049.0,0.0,1.0,0.0,1.0,1257.0,0.0,['2014']
['Bahia'],0.6017937085389471,['BA'],[29],['Andaraí'],[2901304],4039.0,468.0,76.0,392.0,2586.0,607.0,143.0,178.0,76.0,102.0,1725.0,97.0,['2015']
['Ceará'],0.3474631842018238,['CE'],[23],['Antonina do Norte'],[2300804],1886.0,339.0,155.0,184.0,1172.0,347.0,0.0,0.0,0.0,0.0,1.0,0.0,['2015']
['Sergipe'],0.4311331015160536,['SE'],[28],['Arauá'],[2800407],3194.0,552.0,257.0,295.0,1820.0,545.0,0.0,0.0,0.0,0.0,1.0,0.0,['2015']
['Piauí' 'Alagoas'],0.33819934385903394,['PI' 'AL'],[22 27],['Batalha'],[2201507 2700706],12732.0,1801.0,808.0,993.0,6879.0,1886.0,162.0,0.0,0.0,0.0,2404.0,9.0,['2015']
['Maranhão'],0.23740067975485876,['MA'],[21],['Benedito Leite'],[2101806],1232.0,220.0,49.0,171.0,806.0,126.0,0.0,0.0,0.0,0.0,731.0,0.0,['2015']
['Maranhão'],0.3131164658582494,['MA'],[21],['Boa Vista do Gurupi'],[2101970],3149.0,508.0,107.0,401.0,1732.0,483.0,19.0,0.0,0.0,0.0,345.0,0.0,['2015']
['Bahia'],0.35323325983402687,['BA'],[29],['Boninal'],[2904001],3149.0,380.0,2.0,378.0,1989.0,780.0,0.0,0.0,0.0,0.0,0.0,0.0,['2015']
['Sergipe'],0.48146560819168893,['SE'],[28],['Boquim'],[2800670],5689.0,786.0,253.0,533.0,3648.0,842.0,86.0,37.0,37.0,0.0,457.0,0.0,['2015']
['Bahia'],0.36539249955163994,['BA'],[29],['Buerarema'],[2904704],3965.0,513.0,165.0,348.0,2413.0,523.0,65.0,0.0,0.0,0.0,779.0,0.0,['2015']
['Piauí'],0.4438513767548283,['PI'],[22],['Cajueiro da Praia'],[2202083],1933.0,291.0,0.0,291.0,1243.0,269.0,28.0,0.0,0.0,0.0,119.0,0.0,['2015']
['Piauí'],0.30760836395620417,['PI'],[22],['Campinas do Piauí'],[2202109],1423.0,242.0,101.0,141.0,903.0,144.0,0.0,0.0,0.0,0.0,497.0,30.0,['2015']
['Bahia'],0.406780644100018,['BA'],[29],['Caém'],[2905107],2951.0,484.0,204.0,280.0,1848.0,424.0,0.0,204.0,204.0,0.0,390.0,54.0,['2015']
['Sergipe'],0.5276796361388054,['SE'],[28],['Cristinápolis'],[2801702],5286.0,954.0,259.0,695.0,3293.0,624.0,43.0,403.0,259.0,144.0,1165.0,0.0,['2015']
['Paraíba'],0.3867849791700389,['PB'],[25],['Dona Inês'],[2505709],2750.0,377.0,105.0,272.0,1636.0,517.0,0.0,66.0,41.0,25.0,855.0,0.0,['2015']
['Sergipe'],0.47811430536801247,['SE'],[28],['Estância'],[2802106],14995.0,2150.0,837.0,1313.0,8663.0,2120.0,314.0,480.0,465.0,15.0,2375.0,44.0,['2015']
['Sergipe'],0.4498443273097297,['SE'],[28],['Indiaroba'],[2802809],4976.0,705.0,151.0,554.0,3584.0,669.0,0.0,0.0,0.0,0.0,1355.0,0.0,['2015']
['Bahia'],0.3611169326056288,['BA'],[29],['Inhambupe'],[2913705],9367.0,1086.0,92.0,994.0,6095.0,1299.0,96.0,243.0,76.0,167.0,339.0,1.0,['2015']
['Sergipe'],0.45879488097896726,['SE'],[28],['Itabaianinha'],[2803005],10384.0,1248.0,225.0,1023.0,6972.0,1572.0,0.0,67.0,62.0,5.0,1630.0,1.0,['2015']
['Bahia'],0.3814907326035685,['BA'],[29],['Itaberaba'],[2914703],15723.0,1927.0,652.0,1275.0,9592.0,2334.0,1001.0,230.0,226.0,4.0,3668.0,0.0,['2015']
['Bahia'],0.3704153148729943,['BA'],[29],['Itagibá'],[2915205],3896.0,467.0,76.0,391.0,2566.0,389.0,0.0,76.0,76.0,0.0,937.0,0.0,['2015']
['Bahia'],0.3356128692715301,['BA'],[29],['Itapicuru'],[2916500],8558.0,999.0,77.0,922.0,6195.0,887.0,0.0,77.0,77.0,0.0,102.0,0.0,['2015']
['Sergipe'],0.5008659876745942,['SE'],[28],['Lagarto'],[2803500],22347.0,2724.0,853.0,1871.0,12836.0,4182.0,971.0,79.0,79.0,0.0,3137.0,0.0,['2015']
['Bahia'],0.26327833807119994,['BA'],[29],['Lagoa Real'],[2918753],2760.0,295.0,0.0,295.0,1861.0,429.0,0.0,0.0,0.0,0.0,0.0,0.0,['2015']
['Bahia'],0.2622785374481616,['BA'],[29],['Lajedinho'],[2919009],1035.0,127.0,33.0,94.0,723.0,88.0,0.0,64.0,33.0,31.0,32.0,0.0,['2015']
['Piauí'],0.43923559602600337,['PI'],[22],['Luzilândia'],[2205805],7588.0,1333.0,600.0,733.0,4325.0,764.0,77.0,1.0,1.0,0.0,224.0,19.0,['2015']
['Maranhão'],0.20868787714261586,['MA'],[21],['Mirador'],[2106706],5772.0,846.0,182.0,664.0,3409.0,875.0,0.0,5.0,0.0,5.0,51.0,0.0,['2015']
['Maranhão'],0.2637385101681151,['MA'],[21],['Monção'],[2106904],9221.0,1788.0,596.0,1192.0,6084.0,1119.0,15.0,97.0,51.0,46.0,3120.0,0.0,['2015']
['Bahia'],0.2888893514695121,['BA'],[29],['Nova Canaã'],[2922706],3338.0,436.0,139.0,297.0,2187.0,391.0,0.0,161.0,92.0,69.0,446.0,0.0,['2015']
['Bahia'],0.5928238635116178,['BA'],[29],['Nova Viçosa'],[2923001],10611.0,1541.0,496.0,1045.0,6718.0,1572.0,0.0,458.0,458.0,0.0,2051.0,0.0,['2015']
['Piauí'],0.37862401004946283,['PI'],[22],['Passagem Franca do Piauí'],[2207751],1940.0,423.0,256.0,167.0,999.0,137.0,0.0,22.0,22.0,0.0,259.0,28.0,['2015']
['Sergipe'],0.5805300315947977,['SE'],[28],['Pedrinhas'],[2805109],2914.0,390.0,194.0,196.0,1561.0,371.0,0.0,0.0,0.0,0.0,618.0,0.0,['2015']
['Bahia'],0.2116609075605975,['BA'],[29],['Piraí do Norte'],[2924678],2548.0,430.0,162.0,268.0,1414.0,176.0,0.0,1.0,0.0,1.0,0.0,0.0,['2015']
['Sergipe'],0.4669216565701795,['SE'],[28],['Poço Verde'],[2805505],5113.0,612.0,235.0,377.0,3387.0,898.0,0.0,0.0,0.0,0.0,363.0,1.0,['2015']
['Piauí'],0.26378917661288115,['PI'],[22],['Riacho Frio'],[2208858],1412.0,254.0,66.0,188.0,928.0,171.0,0.0,0.0,0.0,0.0,0.0,0.0,['2015']
['Sergipe'],0.4161527292716546,['SE'],[28],['Riachão do Dantas'],[2805802],5233.0,643.0,182.0,461.0,3664.0,653.0,0.0,38.0,38.0,0.0,470.0,0.0,['2015']
['Sergipe'],0.7083463343996057,['SE'],[28],['Rosário do Catete'],[2806107],2589.0,541.0,220.0,321.0,1538.0,250.0,0.0,0.0,0.0,0.0,453.0,0.0,['2015']
['Sergipe'],0.4165372217927174,['SE'],[28],['Salgado'],[2806206],4651.0,520.0,43.0,477.0,3038.0,646.0,0.0,97.0,43.0,54.0,1034.0,0.0,['2015']
['Bahia'],0.3040420262137909,['BA'],[29],['Santa Brígida'],[2927606],4227.0,634.0,90.0,544.0,2774.0,525.0,0.0,90.0,90.0,0.0,0.0,0.0,['2015']
['Sergipe'],0.39240995680398383,['SE'],[28],['Santa Luzia do Itanhy'],[2806305],4689.0,961.0,459.0,502.0,2736.0,280.0,0.0,0.0,0.0,0.0,2048.0,28.0,['2015']
['Sergipe'],0.5125696377342522,['SE'],[28],['Santa Rosa de Lima'],[2806503],1392.0,244.0,125.0,119.0,790.0,139.0,0.0,0.0,0.0,0.0,312.0,0.0,['2015']
['Pernambuco' 'Bahia'],0.29396271191946516,['PE' 'BA'],[26 29],['Santa Terezinha'],[2612802 2928505],4958.0,751.0,196.0,555.0,2986.0,917.0,20.0,0.0,0.0,0.0,268.0,429.0,['2015']
['Rio Grande do Norte' 'Bahia'],0.35461067093514087,['RN' 'BA'],[24 29],['Serrinha'],[2413508 2930501],20646.0,2576.0,1122.0,1454.0,11250.0,4036.0,1490.0,1727.0,979.0,748.0,5012.0,451.0,['2015']
['Sergipe'],0.4644947479334477,['SE'],[28],['Simão Dias'],[2807105],9445.0,1174.0,459.0,715.0,5894.0,1451.0,0.0,520.0,345.0,175.0,541.0,0.0,['2015']
['Bahia'],0.27144968571619377,['BA'],[29],['São Felipe'],[2929107],6299.0,743.0,344.0,399.0,2817.0,932.0,0.0,493.0,228.0,265.0,2633.0,0.0,['2015']
['Bahia'],0.45447823441802904,['BA'],[29],['São José da Vitória'],[2929354],1612.0,147.0,0.0,147.0,1066.0,192.0,0.0,0.0,0.0,0.0,104.0,0.0,['2015']
['Pernambuco'],0.25575020069859017,['PE'],[26],['Terezinha'],[2615102],1890.0,264.0,58.0,206.0,1270.0,277.0,79.0,0.0,0.0,0.0,150.0,195.0,['2015']
['Sergipe'],0.37509451238631264,['SE'],[28],['Tobias Barreto'],[2807402],11441.0,1421.0,395.0,1026.0,7767.0,1541.0,104.0,74.0,74.0,0.0,1070.0,0.0,['2015']
['Sergipe'],0.29083900721801864,['SE'],[28],['Tomar do Geru'],[2807501],3230.0,546.0,94.0,452.0,2183.0,470.0,0.0,168.0,94.0,74.0,0.0,0.0,['2015']
['Sergipe'],0.514389243746954,['SE'],[28],['Umbaúba'],[2807600],6229.0,708.0,102.0,606.0,3948.0,1087.0,0.0,0.0,0.0,0.0,1277.0,0.0,['2015']
['Bahia'],0.574374151681147,['BA'],[29],['Andaraí'],[2901304],3872.0,454.0,75.0,379.0,2433.0,686.0,95.0,241.0,75.0,166.0,747.0,85.0,['2016']
['Ceará'],0.3528853802678101,['CE'],[23],['Antonina do Norte'],[2300804],1884.0,379.0,149.0,230.0,1151.0,354.0,0.0,0.0,0.0,0.0,0.0,0.0,['2016']
['Sergipe'],0.39982098447589876,['SE'],[28],['Arauá'],[2800407],2845.0,507.0,210.0,297.0,1713.0,521.0,0.0,0.0,0.0,0.0,0.0,0.0,['2016']
['Piauí' 'Alagoas'],0.3454230927591827,['PI' 'AL'],[22 27],['Batalha'],[2201507 2700706],13313.0,1896.0,852.0,1044.0,6512.0,2161.0,469.0,0.0,0.0,0.0,875.0,211.0,['2016']
['Maranhão'],0.25146386176835217,['MA'],[21],['Benedito Leite'],[2101806],1215.0,205.0,42.0,163.0,849.0,132.0,0.0,0.0,0.0,0.0,0.0,0.0,['2016']
['Maranhão'],0.3180964491912592,['MA'],[21],['Boa Vista do Gurupi'],[2101970],2757.0,478.0,95.0,383.0,1602.0,543.0,0.0,0.0,0.0,0.0,0.0,0.0,['2016']
['Bahia'],0.3588325664913143,['BA'],[29],['Boninal'],[2904001],3006.0,324.0,0.0,324.0,1943.0,739.0,0.0,0.0,0.0,0.0,0.0,0.0,['2016']
['Sergipe'],0.4814073935686003,['SE'],[28],['Boquim'],[2800670],5606.0,811.0,244.0,567.0,3669.0,823.0,50.0,34.0,34.0,0.0,387.0,0.0,['2016']
['Bahia'],0.3009434384290415,['BA'],[29],['Buerarema'],[2904704],4117.0,530.0,95.0,435.0,2504.0,539.0,49.0,0.0,0.0,0.0,0.0,0.0,['2016']
['Piauí'],0.4431358240381401,['PI'],[22],['Cajueiro da Praia'],[2202083],2091.0,276.0,0.0,276.0,1217.0,282.0,23.0,0.0,0.0,0.0,0.0,85.0,['2016']
['Piauí'],0.3272889133319396,['PI'],[22],['Campinas do Piauí'],[2202109],1873.0,230.0,102.0,128.0,908.0,154.0,0.0,0.0,0.0,0.0,423.0,0.0,['2016']
['Bahia'],0.4011674821494159,['BA'],[29],['Caém'],[2905107],2889.0,479.0,215.0,264.0,1814.0,441.0,0.0,215.0,215.0,0.0,0.0,16.0,['2016']
['Sergipe'],0.5310198050711833,['SE'],[28],['Cristinápolis'],[2801702],5241.0,1007.0,283.0,724.0,3229.0,569.0,107.0,495.0,283.0,212.0,207.0,0.0,['2016']
['Paraíba'],0.5667229951493608,['PB'],[25],['Dona Inês'],[2505709],2700.0,398.0,115.0,283.0,1639.0,453.0,0.0,56.0,56.0,0.0,241.0,0.0,['2016']
['Sergipe'],0.48347834329031425,['SE'],[28],['Estância'],[2802106],14937.0,2134.0,854.0,1280.0,8374.0,2021.0,500.0,470.0,470.0,0.0,354.0,0.0,['2016']
['Sergipe'],0.47015558413702696,['SE'],[28],['Indiaroba'],[2802809],4895.0,677.0,133.0,544.0,3472.0,689.0,20.0,0.0,0.0,0.0,570.0,0.0,['2016']
['Bahia'],0.3658886770796895,['BA'],[29],['Inhambupe'],[2913705],9034.0,1089.0,100.0,989.0,5829.0,1295.0,50.0,239.0,87.0,152.0,178.0,0.0,['2016']
['Sergipe'],0.4591121983140064,['SE'],[28],['Itabaianinha'],[2803005],10488.0,1353.0,248.0,1105.0,6656.0,1813.0,0.0,65.0,65.0,0.0,147.0,0.0,['2016']
['Bahia'],0.38863833459907465,['BA'],[29],['Itaberaba'],[2914703],15141.0,1909.0,573.0,1336.0,9060.0,2481.0,1020.0,242.0,229.0,13.0,1023.0,0.0,['2016']
['Bahia'],0.36442360017616937,['BA'],[29],['Itagibá'],[2915205],3865.0,433.0,60.0,373.0,2561.0,411.0,0.0,59.0,59.0,0.0,235.0,0.0,['2016']
['Bahia'],0.33879603749480325,['BA'],[29],['Itapicuru'],[2916500],8136.0,974.0,73.0,901.0,5833.0,934.0,0.0,73.0,73.0,0.0,97.0,0.0,['2016']
['Sergipe'],0.52160027485468,['SE'],[28],['Lagarto'],[2803500],21008.0,2681.0,832.0,1849.0,11992.0,3910.0,701.0,77.0,77.0,0.0,1746.0,0.0,['2016']
['Bahia'],0.2676832554782646,['BA'],[29],['Lagoa Real'],[2918753],2626.0,271.0,5.0,266.0,1747.0,435.0,0.0,0.0,0.0,0.0,0.0,0.0,['2016']
['Bahia'],0.27646337102600665,['BA'],[29],['Lajedinho'],[2919009],991.0,149.0,50.0,99.0,715.0,84.0,0.0,66.0,43.0,23.0,0.0,0.0,['2016']
['Piauí'],0.4505219298113762,['PI'],[22],['Luzilândia'],[2205805],7401.0,1287.0,562.0,725.0,4184.0,829.0,74.0,0.0,0.0,0.0,0.0,38.0,['2016']
['Maranhão'],0.2420727940230214,['MA'],[21],['Mirador'],[2106706],5738.0,867.0,212.0,655.0,3259.0,959.0,0.0,0.0,0.0,0.0,506.0,0.0,['2016']
['Maranhão'],0.2772925549803683,['MA'],[21],['Monção'],[2106904],9266.0,1797.0,544.0,1253.0,5982.0,1155.0,0.0,117.0,68.0,49.0,724.0,0.0,['2016']
['Bahia'],0.2518733968520834,['BA'],[29],['Nova Canaã'],[2922706],3219.0,466.0,141.0,325.0,2132.0,375.0,0.0,164.0,94.0,70.0,0.0,0.0,['2016']
['Bahia'],0.6019525586889432,['BA'],[29],['Nova Viçosa'],[2923001],10540.0,1683.0,634.0,1049.0,6654.0,1468.0,0.0,541.0,541.0,0.0,2.0,0.0,['2016']
['Piauí'],0.36917410854515265,['PI'],[22],['Passagem Franca do Piauí'],[2207751],2002.0,351.0,204.0,147.0,951.0,173.0,0.0,24.0,24.0,0.0,212.0,26.0,['2016']
['Sergipe'],0.6623922566349931,['SE'],[28],['Pedrinhas'],[2805109],2671.0,442.0,178.0,264.0,1531.0,368.0,0.0,0.0,0.0,0.0,253.0,0.0,['2016']
['Bahia'],0.20408918600909107,['BA'],[29],['Piraí do Norte'],[2924678],2193.0,313.0,91.0,222.0,1331.0,216.0,0.0,0.0,0.0,0.0,0.0,1.0,['2016']
['Sergipe'],0.45916570257628425,['SE'],[28],['Poço Verde'],[2805505],5123.0,638.0,175.0,463.0,3241.0,967.0,19.0,54.0,36.0,18.0,278.0,0.0,['2016']
['Piauí'],0.23715307276683914,['PI'],[22],['Riacho Frio'],[2208858],1592.0,228.0,53.0,175.0,990.0,125.0,31.0,0.0,0.0,0.0,0.0,0.0,['2016']
['Sergipe'],0.42866924309196436,['SE'],[28],['Riachão do Dantas'],[2805802],5157.0,638.0,170.0,468.0,3515.0,693.0,0.0,7.0,7.0,0.0,180.0,1.0,['2016']
['Sergipe'],0.6791825261644524,['SE'],[28],['Rosário do Catete'],[2806107],2723.0,588.0,277.0,311.0,1597.0,269.0,0.0,0.0,0.0,0.0,59.0,0.0,['2016']
['Sergipe'],0.44639966396744124,['SE'],[28],['Salgado'],[2806206],4623.0,562.0,90.0,472.0,2890.0,662.0,0.0,104.0,90.0,14.0,689.0,0.0,['2016']
['Bahia'],0.3216559226694955,['BA'],[29],['Santa Brígida'],[2927606],4192.0,644.0,76.0,568.0,2647.0,641.0,0.0,76.0,76.0,0.0,0.0,0.0,['2016']
['Sergipe'],0.4042285810568378,['SE'],[28],['Santa Luzia do Itanhy'],[2806305],4462.0,961.0,470.0,491.0,2617.0,292.0,0.0,0.0,0.0,0.0,41.0,0.0,['2016']
['Sergipe'],0.5238875206829082,['SE'],[28],['Santa Rosa de Lima'],[2806503],1253.0,242.0,114.0,128.0,726.0,165.0,0.0,0.0,0.0,0.0,83.0,0.0,['2016']
['Pernambuco' 'Bahia'],0.30386069596082055,['PE' 'BA'],[26 29],['Santa Terezinha'],[2612802 2928505],4994.0,732.0,245.0,487.0,2980.0,950.0,0.0,0.0,0.0,0.0,0.0,430.0,['2016']
['Rio Grande do Norte' 'Bahia'],0.35258897148031487,['RN' 'BA'],[24 29],['Serrinha'],[2413508 2930501],20047.0,2593.0,1099.0,1494.0,10721.0,4228.0,1615.0,1121.0,930.0,191.0,983.0,670.0,['2016']
['Sergipe'],0.5615671256425169,['SE'],[28],['Simão Dias'],[2807105],9514.0,1361.0,593.0,768.0,5743.0,1535.0,43.0,627.0,445.0,182.0,663.0,0.0,['2016']
['Bahia'],0.29824047309157503,['BA'],[29],['São Felipe'],[2929107],5712.0,795.0,380.0,415.0,2665.0,870.0,0.0,571.0,297.0,274.0,606.0,0.0,['2016']
['Bahia'],0.3953989775796664,['BA'],[29],['São José da Vitória'],[2929354],1561.0,122.0,0.0,122.0,976.0,250.0,0.0,0.0,0.0,0.0,0.0,0.0,['2016']
['Pernambuco'],0.25677690775582224,['PE'],[26],['Terezinha'],[2615102],1904.0,279.0,83.0,196.0,1285.0,262.0,78.0,0.0,0.0,0.0,0.0,262.0,['2016']
['Sergipe'],0.49796481126465997,['SE'],[28],['Tobias Barreto'],[2807402],11306.0,1429.0,397.0,1032.0,7430.0,1545.0,184.0,76.0,76.0,0.0,269.0,0.0,['2016']
['Sergipe'],0.31204480465837153,['SE'],[28],['Tomar do Geru'],[2807501],3248.0,596.0,111.0,485.0,2060.0,428.0,70.0,178.0,97.0,81.0,0.0,0.0,['2016']
['Sergipe'],0.5052573535373008,['SE'],[28],['Umbaúba'],[2807600],6069.0,765.0,78.0,687.0,3750.0,1165.0,0.0,0.0,0.0,0.0,281.0,0.0,['2016']
['Bahia'],0.5845003395406202,['BA'],[29],['Andaraí'],[2901304],3791.0,393.0,118.0,275.0,2349.0,742.0,82.0,208.0,75.0,133.0,1358.0,82.0,['2017']
['Ceará'],0.36389576208026075,['CE'],[23],['Antonina do Norte'],[2300804],1913.0,386.0,150.0,236.0,1166.0,321.0,40.0,0.0,0.0,0.0,0.0,0.0,['2017']
['Sergipe'],0.3856330861031892,['SE'],[28],['Arauá'],[2800407],3146.0,594.0,273.0,321.0,1814.0,503.0,0.0,0.0,0.0,0.0,1.0,0.0,['2017']
['Piauí' 'Alagoas'],0.3600908686252378,['PI' 'AL'],[22 27],['Batalha'],[2201507 2700706],14177.0,1939.0,899.0,1040.0,6449.0,2028.0,270.0,4.0,0.0,4.0,437.0,88.0,['2017']
['Maranhão'],0.2495517318868165,['MA'],[21],['Benedito Leite'],[2101806],1294.0,201.0,58.0,143.0,788.0,153.0,0.0,136.0,37.0,99.0,560.0,0.0,['2017']
['Maranhão'],0.3241289908151154,['MA'],[21],['Boa Vista do Gurupi'],[2101970],2821.0,459.0,158.0,301.0,1681.0,508.0,0.0,0.0,0.0,0.0,0.0,0.0,['2017']
['Bahia'],0.37709122332738204,['BA'],[29],['Boninal'],[2904001],3020.0,350.0,0.0,350.0,1841.0,746.0,0.0,0.0,0.0,0.0,963.0,0.0,['2017']
['Sergipe'],0.4873290338599286,['SE'],[28],['Boquim'],[2800670],5710.0,868.0,236.0,632.0,3551.0,818.0,108.0,40.0,40.0,0.0,0.0,39.0,['2017']
['Bahia'],0.30736345526556397,['BA'],[29],['Buerarema'],[2904704],4229.0,521.0,95.0,426.0,2454.0,565.0,105.0,0.0,0.0,0.0,1.0,1.0,['2017']
['Piauí'],0.4346596330878719,['PI'],[22],['Cajueiro da Praia'],[2202083],2103.0,320.0,20.0,300.0,1202.0,292.0,0.0,0.0,0.0,0.0,524.0,0.0,['2017']
['Piauí'],0.3445577732930391,['PI'],[22],['Campinas do Piauí'],[2202109],1916.0,235.0,100.0,135.0,879.0,142.0,0.0,0.0,0.0,0.0,435.0,34.0,['2017']
['Bahia'],0.41138728931419305,['BA'],[29],['Caém'],[2905107],2781.0,464.0,182.0,282.0,1788.0,374.0,0.0,181.0,181.0,0.0,61.0,0.0,['2017']
['Sergipe'],0.5247964349950542,['SE'],[28],['Cristinápolis'],[2801702],5031.0,869.0,224.0,645.0,3098.0,668.0,0.0,252.0,224.0,28.0,1494.0,0.0,['2017']
['Paraíba'],0.4478570937838687,['PB'],[25],['Dona Inês'],[2505709],2615.0,415.0,142.0,273.0,1586.0,457.0,0.0,46.0,46.0,0.0,1314.0,0.0,['2017']
['Sergipe'],0.6066447334975635,['SE'],[28],['Estância'],[2802106],14580.0,2112.0,860.0,1252.0,8260.0,2240.0,684.0,493.0,493.0,0.0,3741.0,0.0,['2017']
['Sergipe'],0.45711581897107784,['SE'],[28],['Indiaroba'],[2802809],4940.0,701.0,112.0,589.0,3387.0,669.0,14.0,0.0,0.0,0.0,928.0,151.0,['2017']
['Bahia'],0.36599493643028425,['BA'],[29],['Inhambupe'],[2913705],8918.0,1322.0,285.0,1037.0,5399.0,1335.0,32.0,208.0,80.0,128.0,169.0,0.0,['2017']
['Sergipe'],0.4406141915985718,['SE'],[28],['Itabaianinha'],[2803005],10259.0,1368.0,292.0,1076.0,6483.0,1862.0,0.0,95.0,95.0,0.0,1231.0,0.0,['2017']
['Bahia'],0.39779234849815054,['BA'],[29],['Itaberaba'],[2914703],15228.0,2070.0,821.0,1249.0,8512.0,2684.0,1066.0,354.0,301.0,53.0,3138.0,3.0,['2017']
['Bahia'],0.3616124838785273,['BA'],[29],['Itagibá'],[2915205],3735.0,420.0,58.0,362.0,2498.0,407.0,0.0,61.0,58.0,3.0,817.0,0.0,['2017']
['Bahia'],0.3355382730168795,['BA'],[29],['Itapicuru'],[2916500],8241.0,915.0,73.0,842.0,5818.0,985.0,0.0,74.0,73.0,1.0,0.0,1.0,['2017']
['Sergipe'],0.5364485958107514,['SE'],[28],['Lagarto'],[2803500],21352.0,3054.0,1187.0,1867.0,11762.0,4060.0,757.0,110.0,110.0,0.0,290.0,0.0,['2017']
['Bahia'],0.2809690503932528,['BA'],[29],['Lagoa Real'],[2918753],2685.0,360.0,78.0,282.0,1694.0,436.0,0.0,1.0,0.0,1.0,420.0,0.0,['2017']
['Bahia'],0.28821411070640574,['BA'],[29],['Lajedinho'],[2919009],1070.0,175.0,97.0,78.0,647.0,89.0,0.0,96.0,96.0,0.0,0.0,0.0,['2017']
['Piauí'],0.45336334095599407,['PI'],[22],['Luzilândia'],[2205805],7159.0,1224.0,518.0,706.0,4014.0,827.0,0.0,0.0,0.0,0.0,168.0,208.0,['2017']
['Maranhão'],0.29100393524932766,['MA'],[21],['Mirador'],[2106706],5568.0,789.0,232.0,557.0,3357.0,896.0,0.0,0.0,0.0,0.0,0.0,0.0,['2017']
['Maranhão'],0.28448593187615456,['MA'],[21],['Monção'],[2106904],13250.0,3290.0,1940.0,1350.0,5921.0,1148.0,0.0,124.0,75.0,49.0,3089.0,0.0,['2017']
['Bahia'],0.25883368605334,['BA'],[29],['Nova Canaã'],[2922706],3756.0,535.0,183.0,352.0,2244.0,371.0,0.0,155.0,94.0,61.0,0.0,0.0,['2017']
['Bahia'],0.59339274902701,['BA'],[29],['Nova Viçosa'],[2923001],10662.0,1815.0,689.0,1126.0,6548.0,1534.0,0.0,689.0,689.0,0.0,2454.0,0.0,['2017']
['Piauí'],0.33994945479354216,['PI'],[22],['Passagem Franca do Piauí'],[2207751],2045.0,350.0,243.0,107.0,917.0,155.0,0.0,24.0,24.0,0.0,0.0,65.0,['2017']
['Sergipe'],0.6756570155528089,['SE'],[28],['Pedrinhas'],[2805109],2495.0,356.0,131.0,225.0,1402.0,384.0,0.0,0.0,0.0,0.0,684.0,0.0,['2017']
['Bahia'],0.21498209154490275,['BA'],[29],['Piraí do Norte'],[2924678],2244.0,299.0,71.0,228.0,1349.0,245.0,0.0,0.0,0.0,0.0,0.0,0.0,['2017']
['Sergipe'],0.4575309545567875,['SE'],[28],['Poço Verde'],[2805505],4952.0,611.0,171.0,440.0,3117.0,910.0,0.0,67.0,38.0,29.0,439.0,0.0,['2017']
['Piauí'],0.2499402374974762,['PI'],[22],['Riacho Frio'],[2208858],1652.0,229.0,73.0,156.0,962.0,197.0,0.0,0.0,0.0,0.0,300.0,0.0,['2017']
['Sergipe'],0.4412781442847002,['SE'],[28],['Riachão do Dantas'],[2805802],5266.0,744.0,275.0,469.0,3425.0,728.0,0.0,11.0,11.0,0.0,19.0,0.0,['2017']
['Sergipe'],0.6919483005970493,['SE'],[28],['Rosário do Catete'],[2806107],2816.0,629.0,312.0,317.0,1541.0,309.0,0.0,0.0,0.0,0.0,351.0,0.0,['2017']
['Sergipe'],0.42330747225978027,['SE'],[28],['Salgado'],[2806206],4505.0,552.0,115.0,437.0,2792.0,672.0,0.0,80.0,80.0,0.0,1410.0,0.0,['2017']
['Bahia'],0.3323943419222047,['BA'],[29],['Santa Brígida'],[2927606],4112.0,667.0,128.0,539.0,2489.0,668.0,0.0,91.0,91.0,0.0,0.0,0.0,['2017']
['Sergipe'],0.4014909741976783,['SE'],[28],['Santa Luzia do Itanhy'],[2806305],4445.0,937.0,466.0,471.0,2643.0,301.0,0.0,99.0,99.0,0.0,0.0,0.0,['2017']
['Sergipe'],0.503453997920477,['SE'],[28],['Santa Rosa de Lima'],[2806503],1245.0,233.0,111.0,122.0,705.0,206.0,0.0,71.0,71.0,0.0,2.0,0.0,['2017']
['Pernambuco' 'Bahia'],0.3032621898486304,['PE' 'BA'],[26 29],['Santa Terezinha'],[2612802 2928505],4822.0,803.0,299.0,504.0,2860.0,857.0,0.0,1.0,1.0,0.0,994.0,364.0,['2017']
['Rio Grande do Norte' 'Bahia'],0.35569713966500466,['RN' 'BA'],[24 29],['Serrinha'],[2413508 2930501],20599.0,2934.0,1350.0,1584.0,10322.0,4367.0,1784.0,1311.0,1169.0,142.0,5150.0,550.0,['2017']
['Sergipe'],0.5506024634302578,['SE'],[28],['Simão Dias'],[2807105],9305.0,1404.0,602.0,802.0,5508.0,1499.0,36.0,570.0,441.0,129.0,1467.0,0.0,['2017']
['Bahia'],0.30865205016730046,['BA'],[29],['São Felipe'],[2929107],5323.0,840.0,382.0,458.0,2577.0,902.0,0.0,607.0,284.0,323.0,1307.0,75.0,['2017']
['Bahia'],0.42009062830022387,['BA'],[29],['São José da Vitória'],[2929354],1615.0,134.0,0.0,134.0,1004.0,224.0,0.0,0.0,0.0,0.0,1.0,0.0,['2017']
['Pernambuco'],0.2718570758925787,['PE'],[26],['Terezinha'],[2615102],1837.0,290.0,95.0,195.0,1203.0,252.0,0.0,0.0,0.0,0.0,248.0,252.0,['2017']
['Sergipe'],0.502252771248385,['SE'],[28],['Tobias Barreto'],[2807402],11388.0,1477.0,471.0,1006.0,7264.0,1666.0,143.0,92.0,92.0,0.0,1552.0,0.0,['2017']
['Sergipe'],0.3177988926059222,['SE'],[28],['Tomar do Geru'],[2807501],3113.0,536.0,132.0,404.0,1969.0,463.0,0.0,119.0,119.0,0.0,1.0,0.0,['2017']
['Sergipe'],0.5015653077123422,['SE'],[28],['Umbaúba'],[2807600],6121.0,783.0,215.0,568.0,3690.0,1137.0,0.0,0.0,0.0,0.0,851.0,0.0,['2017']
['Bahia'],0.5635360125927337,['BA'],[29],['Andaraí'],[2901304],3650.0,416.0,121.0,295.0,2247.0,741.0,0.0,216.0,76.0,140.0,703.0,0.0,['2018']
['Ceará'],0.362830940968094,['CE'],[23],['Antonina do Norte'],[2300804],1827.0,353.0,150.0,203.0,1088.0,308.0,0.0,0.0,0.0,0.0,634.0,0.0,['2018']
['Sergipe'],0.4289119399955404,['SE'],[28],['Arauá'],[2800407],3023.0,588.0,276.0,312.0,1773.0,388.0,0.0,0.0,0.0,0.0,0.0,0.0,['2018']
['Piauí' 'Alagoas'],0.37721832425426044,['PI' 'AL'],[22 27],['Batalha'],[2201507 2700706],13422.0,1801.0,868.0,933.0,6120.0,2015.0,337.0,0.0,0.0,0.0,110.0,270.0,['2018']
['Maranhão'],0.280357119010592,['MA'],[21],['Benedito Leite'],[2101806],1246.0,195.0,71.0,124.0,736.0,179.0,0.0,123.0,44.0,79.0,130.0,0.0,['2018']
['Maranhão'],0.3555110795543652,['MA'],[21],['Boa Vista do Gurupi'],[2101970],2740.0,470.0,173.0,297.0,1667.0,459.0,0.0,0.0,0.0,0.0,858.0,0.0,['2018']
['Bahia'],0.35955956933306227,['BA'],[29],['Boninal'],[2904001],3012.0,412.0,61.0,351.0,1782.0,718.0,0.0,0.0,0.0,0.0,1.0,0.0,['2018']
['Sergipe'],0.5177046209969395,['SE'],[28],['Boquim'],[2800670],5681.0,825.0,283.0,542.0,3407.0,805.0,229.0,0.0,0.0,0.0,0.0,136.0,['2018']
['Bahia'],0.3238473297336697,['BA'],[29],['Buerarema'],[2904704],4001.0,494.0,121.0,373.0,2259.0,552.0,59.0,0.0,0.0,0.0,89.0,0.0,['2018']
['Piauí'],0.37938871263789636,['PI'],[22],['Cajueiro da Praia'],[2202083],1944.0,312.0,17.0,295.0,1187.0,253.0,0.0,0.0,0.0,0.0,508.0,71.0,['2018']
['Piauí'],0.3604265914163272,['PI'],[22],['Campinas do Piauí'],[2202109],1892.0,243.0,112.0,131.0,847.0,165.0,0.0,0.0,0.0,0.0,373.0,36.0,['2018']
['Bahia'],0.41509361496489466,['BA'],[29],['Caém'],[2905107],2698.0,455.0,147.0,308.0,1644.0,397.0,0.0,146.0,146.0,0.0,118.0,0.0,['2018']
['Sergipe'],0.5299462045233676,['SE'],[28],['Cristinápolis'],[2801702],4765.0,777.0,153.0,624.0,2946.0,642.0,0.0,153.0,153.0,0.0,266.0,0.0,['2018']
['Paraíba'],0.45401916536946996,['PB'],[25],['Dona Inês'],[2505709],2517.0,401.0,146.0,255.0,1558.0,455.0,0.0,53.0,53.0,0.0,0.0,0.0,['2018']
['Sergipe'],0.47497400855911304,['SE'],[28],['Estância'],[2802106],14201.0,2103.0,980.0,1123.0,8005.0,2059.0,589.0,646.0,646.0,0.0,2473.0,197.0,['2018']
['Sergipe'],0.45769871201770446,['SE'],[28],['Indiaroba'],[2802809],4956.0,713.0,209.0,504.0,3137.0,717.0,0.0,0.0,0.0,0.0,0.0,305.0,['2018']
['Bahia'],0.35996237298826994,['BA'],[29],['Inhambupe'],[2913705],8994.0,1327.0,377.0,950.0,5265.0,1431.0,89.0,203.0,73.0,130.0,152.0,0.0,['2018']
['Sergipe'],0.40616031627484284,['SE'],[28],['Itabaianinha'],[2803005],10478.0,1399.0,321.0,1078.0,6274.0,1858.0,0.0,148.0,110.0,38.0,465.0,0.0,['2018']
['Bahia'],0.3958482368209178,['BA'],[29],['Itaberaba'],[2914703],15142.0,2148.0,934.0,1214.0,7882.0,3105.0,1565.0,353.0,318.0,35.0,365.0,5.0,['2018']
['Bahia'],0.3700968565990656,['BA'],[29],['Itagibá'],[2915205],3573.0,447.0,63.0,384.0,2268.0,435.0,0.0,63.0,63.0,0.0,478.0,15.0,['2018']
['Bahia'],0.3238686160303032,['BA'],[29],['Itapicuru'],[2916500],8252.0,956.0,103.0,853.0,5419.0,892.0,0.0,75.0,75.0,0.0,0.0,0.0,['2018']
['Sergipe'],0.5228972035042313,['SE'],[28],['Lagarto'],[2803500],20714.0,3128.0,1225.0,1903.0,11837.0,3777.0,642.0,166.0,166.0,0.0,582.0,539.0,['2018']
['Bahia'],0.3105148102983442,['BA'],[29],['Lagoa Real'],[2918753],2569.0,374.0,94.0,280.0,1568.0,450.0,0.0,0.0,0.0,0.0,67.0,0.0,['2018']
['Bahia'],0.303989967587582,['BA'],[29],['Lajedinho'],[2919009],1008.0,172.0,78.0,94.0,551.0,113.0,0.0,93.0,78.0,15.0,0.0,0.0,['2018']
['Piauí'],0.4671705384127441,['PI'],[22],['Luzilândia'],[2205805],7500.0,1200.0,566.0,634.0,3998.0,861.0,0.0,0.0,0.0,0.0,655.0,195.0,['2018']
['Maranhão'],0.3226052921941148,['MA'],[21],['Mirador'],[2106706],5376.0,846.0,262.0,584.0,3366.0,831.0,0.0,0.0,0.0,0.0,0.0,0.0,['2018']
['Maranhão'],0.28926238101645324,['MA'],[21],['Monção'],[2106904],12454.0,2649.0,1345.0,1304.0,5978.0,1109.0,0.0,3.0,0.0,3.0,2780.0,0.0,['2018']
['Bahia'],0.273961265969241,['BA'],[29],['Nova Canaã'],[2922706],3448.0,482.0,172.0,310.0,2145.0,362.0,0.0,161.0,117.0,44.0,245.0,0.0,['2018']
['Bahia'],0.5516093805566565,['BA'],[29],['Nova Viçosa'],[2923001],10486.0,1771.0,631.0,1140.0,6439.0,1535.0,0.0,632.0,631.0,1.0,94.0,88.0,['2018']
['Piauí'],0.3663038878229249,['PI'],[22],['Passagem Franca do Piauí'],[2207751],1943.0,369.0,164.0,205.0,770.0,168.0,0.0,0.0,0.0,0.0,0.0,32.0,['2018']
['Sergipe'],0.6359090494079178,['SE'],[28],['Pedrinhas'],[2805109],2351.0,352.0,139.0,213.0,1300.0,391.0,0.0,0.0,0.0,0.0,513.0,0.0,['2018']
['Bahia'],0.23548326154863566,['BA'],[29],['Piraí do Norte'],[2924678],2179.0,308.0,74.0,234.0,1287.0,260.0,0.0,0.0,0.0,0.0,0.0,0.0,['2018']
['Sergipe'],0.6376005219594256,['SE'],[28],['Poço Verde'],[2805505],4943.0,667.0,244.0,423.0,3072.0,940.0,0.0,37.0,23.0,14.0,276.0,0.0,['2018']
['Piauí'],0.25398675917473407,['PI'],[22],['Riacho Frio'],[2208858],1569.0,228.0,60.0,168.0,952.0,119.0,0.0,0.0,0.0,0.0,0.0,0.0,['2018']
['Sergipe'],0.49904380411967375,['SE'],[28],['Riachão do Dantas'],[2805802],5147.0,726.0,230.0,496.0,3279.0,686.0,0.0,0.0,0.0,0.0,625.0,0.0,['2018']
['Sergipe'],0.696211093516901,['SE'],[28],['Rosário do Catete'],[2806107],2784.0,716.0,268.0,448.0,1420.0,274.0,0.0,0.0,0.0,0.0,303.0,112.0,['2018']
['Sergipe'],0.46148399912685417,['SE'],[28],['Salgado'],[2806206],4275.0,528.0,148.0,380.0,2657.0,651.0,0.0,109.0,109.0,0.0,679.0,0.0,['2018']
['Bahia'],0.352659148337634,['BA'],[29],['Santa Brígida'],[2927606],4009.0,636.0,89.0,547.0,2373.0,634.0,0.0,89.0,89.0,0.0,0.0,0.0,['2018']
['Sergipe'],0.5076624550827532,['SE'],[28],['Santa Luzia do Itanhy'],[2806305],4275.0,888.0,447.0,441.0,2544.0,334.0,0.0,130.0,130.0,0.0,913.0,0.0,['2018']
['Sergipe'],0.5136344303959777,['SE'],[28],['Santa Rosa de Lima'],[2806503],1202.0,249.0,124.0,125.0,678.0,183.0,0.0,37.0,37.0,0.0,0.0,52.0,['2018']
['Pernambuco' 'Bahia'],0.31585940436141813,['PE' 'BA'],[26 29],['Santa Terezinha'],[2612802 2928505],4837.0,762.0,247.0,515.0,2923.0,843.0,0.0,0.0,0.0,0.0,155.0,375.0,['2018']
['Rio Grande do Norte' 'Bahia'],0.345944575253949,['RN' 'BA'],[24 29],['Serrinha'],[2413508 2930501],19631.0,2850.0,1329.0,1521.0,9848.0,4424.0,1853.0,1223.0,1189.0,34.0,4583.0,473.0,['2018']
['Sergipe'],0.6138051532821789,['SE'],[28],['Simão Dias'],[2807105],9609.0,1399.0,599.0,800.0,5335.0,1463.0,0.0,623.0,499.0,124.0,754.0,226.0,['2018']
['Bahia'],0.3210137449073612,['BA'],[29],['São Felipe'],[2929107],5422.0,851.0,387.0,464.0,2454.0,842.0,0.0,703.0,347.0,356.0,715.0,0.0,['2018']
['Bahia'],0.4564733425866299,['BA'],[29],['São José da Vitória'],[2929354],1617.0,173.0,0.0,173.0,963.0,248.0,0.0,0.0,0.0,0.0,0.0,0.0,['2018']
['Pernambuco'],0.28562490943011326,['PE'],[26],['Terezinha'],[2615102],1824.0,309.0,100.0,209.0,1218.0,210.0,0.0,0.0,0.0,0.0,0.0,210.0,['2018']
['Sergipe'],0.5297316510017349,['SE'],[28],['Tobias Barreto'],[2807402],11251.0,1504.0,482.0,1022.0,6853.0,1845.0,182.0,114.0,114.0,0.0,690.0,0.0,['2018']
['Sergipe'],0.4045400365524539,['SE'],[28],['Tomar do Geru'],[2807501],2985.0,491.0,100.0,391.0,1935.0,423.0,0.0,129.0,100.0,29.0,1.0,0.0,['2018']
['Sergipe'],0.6065478233456666,['SE'],[28],['Umbaúba'],[2807600],5842.0,810.0,188.0,622.0,3603.0,1063.0,0.0,0.0,0.0,0.0,0.0,0.0,['2018']
['Bahia'],0.5524583311940214,['BA'],[29],['Andaraí'],[2901304],3508.0,497.0,151.0,346.0,2110.0,691.0,4.0,259.0,103.0,156.0,892.0,0.0,['2019']
['Ceará'],0.35951908273933103,['CE'],[23],['Antonina do Norte'],[2300804],1737.0,323.0,121.0,202.0,1076.0,300.0,38.0,0.0,0.0,0.0,649.0,0.0,['2019']
['Sergipe'],0.4538078769459048,['SE'],[28],['Arauá'],[2800407],2931.0,598.0,303.0,295.0,1725.0,351.0,0.0,0.0,0.0,0.0,0.0,0.0,['2019']
['Piauí' 'Alagoas'],0.3772242215110517,['PI' 'AL'],[22 27],['Batalha'],[2201507 2700706],12743.0,1790.0,784.0,1006.0,5849.0,1817.0,481.0,0.0,0.0,0.0,2325.0,308.0,['2019']
['Maranhão'],0.2846508274033736,['MA'],[21],['Benedito Leite'],[2101806],1286.0,247.0,71.0,176.0,739.0,208.0,0.0,0.0,0.0,0.0,690.0,0.0,['2019']
['Maranhão'],0.33148565621030923,['MA'],[21],['Boa Vista do Gurupi'],[2101970],2681.0,481.0,172.0,309.0,1618.0,355.0,0.0,0.0,0.0,0.0,82.0,0.0,['2019']
['Bahia'],0.37090340303686137,['BA'],[29],['Boninal'],[2904001],2946.0,480.0,117.0,363.0,1696.0,726.0,0.0,0.0,0.0,0.0,21.0,0.0,['2019']
['Sergipe'],0.48778910828592126,['SE'],[28],['Boquim'],[2800670],5359.0,817.0,306.0,511.0,3314.0,751.0,78.0,0.0,0.0,0.0,2.0,260.0,['2019']
['Bahia'],0.3088858334007153,['BA'],[29],['Buerarema'],[2904704],3581.0,441.0,104.0,337.0,2170.0,490.0,69.0,0.0,0.0,0.0,78.0,0.0,['2019']
['Piauí'],0.3784177625776507,['PI'],[22],['Cajueiro da Praia'],[2202083],1826.0,373.0,20.0,353.0,1143.0,223.0,0.0,0.0,0.0,0.0,503.0,46.0,['2019']
['Piauí'],0.3445976558854555,['PI'],[22],['Campinas do Piauí'],[2202109],1644.0,228.0,115.0,113.0,798.0,144.0,0.0,0.0,0.0,0.0,179.0,37.0,['2019']
['Bahia'],0.4501709605110374,['BA'],[29],['Caém'],[2905107],2549.0,488.0,206.0,282.0,1616.0,334.0,0.0,239.0,206.0,33.0,88.0,58.0,['2019']
['Sergipe'],0.5718062388712652,['SE'],[28],['Cristinápolis'],[2801702],4743.0,866.0,283.0,583.0,2858.0,667.0,0.0,246.0,246.0,0.0,1250.0,0.0,['2019']
['Paraíba'],0.44401001117972494,['PB'],[25],['Dona Inês'],[2505709],2428.0,448.0,177.0,271.0,1478.0,421.0,0.0,46.0,46.0,0.0,680.0,0.0,['2019']
['Sergipe'],0.5845921643948058,['SE'],[28],['Estância'],[2802106],14232.0,2342.0,1106.0,1236.0,7786.0,2003.0,448.0,873.0,835.0,38.0,0.0,323.0,['2019']
['Sergipe'],0.45803482689996705,['SE'],[28],['Indiaroba'],[2802809],4741.0,797.0,292.0,505.0,3028.0,668.0,0.0,86.0,85.0,1.0,317.0,287.0,['2019']
['Bahia'],0.4291150261705545,['BA'],[29],['Inhambupe'],[2913705],8798.0,1298.0,445.0,853.0,5086.0,1301.0,93.0,224.0,115.0,109.0,1.0,0.0,['2019']
['Sergipe'],0.40186370496868384,['SE'],[28],['Itabaianinha'],[2803005],10710.0,1531.0,477.0,1054.0,6153.0,1851.0,0.0,94.0,94.0,0.0,679.0,30.0,['2019']
['Bahia'],0.40138172643771836,['BA'],[29],['Itaberaba'],[2914703],14857.0,2294.0,1011.0,1283.0,7823.0,2923.0,1565.0,396.0,353.0,43.0,274.0,76.0,['2019']
['Bahia'],0.35015391107157123,['BA'],[29],['Itagibá'],[2915205],3662.0,462.0,60.0,402.0,2400.0,380.0,0.0,60.0,60.0,0.0,69.0,0.0,['2019']
['Bahia'],0.34263012744922505,['BA'],[29],['Itapicuru'],[2916500],7944.0,821.0,74.0,747.0,5154.0,875.0,0.0,74.0,74.0,0.0,221.0,0.0,['2019']
['Sergipe'],0.5491987862187943,['SE'],[28],['Lagarto'],[2803500],20208.0,3375.0,1416.0,1959.0,11481.0,3504.0,581.0,166.0,166.0,0.0,116.0,704.0,['2019']
['Bahia'],0.45750083541733455,['BA'],[29],['Lagoa Real'],[2918753],2546.0,373.0,120.0,253.0,1578.0,434.0,0.0,0.0,0.0,0.0,0.0,0.0,['2019']
['Bahia'],0.2899807607562219,['BA'],[29],['Lajedinho'],[2919009],941.0,188.0,84.0,104.0,501.0,128.0,0.0,106.0,84.0,22.0,0.0,0.0,['2019']
['Piauí'],0.4384420897024378,['PI'],[22],['Luzilândia'],[2205805],6808.0,1131.0,502.0,629.0,3862.0,805.0,0.0,0.0,0.0,0.0,302.0,170.0,['2019']
['Maranhão'],0.3339791591162934,['MA'],[21],['Mirador'],[2106706],5046.0,820.0,262.0,558.0,3119.0,696.0,0.0,0.0,0.0,0.0,0.0,0.0,['2019']
['Maranhão'],0.27926079203654103,['MA'],[21],['Monção'],[2106904],10449.0,2061.0,768.0,1293.0,5985.0,1026.0,0.0,5.0,0.0,5.0,296.0,0.0,['2019']
['Bahia'],0.47302693388400885,['BA'],[29],['Nova Canaã'],[2922706],3532.0,503.0,188.0,315.0,2047.0,363.0,0.0,270.0,140.0,130.0,492.0,0.0,['2019']
['Bahia'],0.5612171194845285,['BA'],[29],['Nova Viçosa'],[2923001],10145.0,1739.0,644.0,1095.0,6137.0,1530.0,0.0,637.0,637.0,0.0,424.0,125.0,['2019']
['Piauí'],0.391125014814435,['PI'],[22],['Passagem Franca do Piauí'],[2207751],1747.0,299.0,147.0,152.0,712.0,149.0,0.0,0.0,0.0,0.0,1.0,36.0,['2019']
['Sergipe'],0.6550677875197792,['SE'],[28],['Pedrinhas'],[2805109],2216.0,259.0,101.0,158.0,1197.0,328.0,0.0,0.0,0.0,0.0,114.0,0.0,['2019']
['Bahia'],0.24573494846902696,['BA'],[29],['Piraí do Norte'],[2924678],2116.0,344.0,96.0,248.0,1248.0,214.0,0.0,0.0,0.0,0.0,0.0,0.0,['2019']
['Sergipe'],0.6103969630129019,['SE'],[28],['Poço Verde'],[2805505],4773.0,666.0,229.0,437.0,2965.0,836.0,0.0,87.0,49.0,38.0,631.0,0.0,['2019']
['Piauí'],0.32451041406929826,['PI'],[22],['Riacho Frio'],[2208858],1318.0,218.0,50.0,168.0,908.0,124.0,0.0,0.0,0.0,0.0,355.0,0.0,['2019']
['Sergipe'],0.45497712448124206,['SE'],[28],['Riachão do Dantas'],[2805802],4878.0,698.0,200.0,498.0,3052.0,620.0,0.0,1.0,0.0,1.0,200.0,0.0,['2019']
['Sergipe'],0.7054294573248026,['SE'],[28],['Rosário do Catete'],[2806107],2739.0,593.0,293.0,300.0,1575.0,236.0,0.0,0.0,0.0,0.0,212.0,132.0,['2019']
['Sergipe'],0.4408236189706437,['SE'],[28],['Salgado'],[2806206],4210.0,538.0,131.0,407.0,2607.0,639.0,0.0,77.0,77.0,0.0,206.0,0.0,['2019']
['Bahia'],0.4261718735027722,['BA'],[29],['Santa Brígida'],[2927606],3759.0,552.0,131.0,421.0,2370.0,634.0,0.0,86.0,86.0,0.0,0.0,0.0,['2019']
['Sergipe'],0.5221307325513025,['SE'],[28],['Santa Luzia do Itanhy'],[2806305],4100.0,878.0,457.0,421.0,2465.0,366.0,0.0,104.0,104.0,0.0,540.0,0.0,['2019']
['Sergipe'],0.531112960944568,['SE'],[28],['Santa Rosa de Lima'],[2806503],1190.0,242.0,98.0,144.0,677.0,177.0,0.0,42.0,42.0,0.0,0.0,144.0,['2019']
['Pernambuco' 'Bahia'],0.32078298588039494,['PE' 'BA'],[26 29],['Santa Terezinha'],[2612802 2928505],4873.0,754.0,257.0,497.0,2800.0,890.0,0.0,0.0,0.0,0.0,0.0,400.0,['2019']
['Rio Grande do Norte' 'Bahia'],0.3541711151405377,['RN' 'BA'],[24 29],['Serrinha'],[2413508 2930501],21499.0,3682.0,2234.0,1448.0,9430.0,4384.0,1892.0,2130.0,2051.0,79.0,4179.0,464.0,['2019']
['Sergipe'],0.6033600331883833,['SE'],[28],['Simão Dias'],[2807105],9215.0,1484.0,695.0,789.0,5350.0,1468.0,0.0,672.0,585.0,87.0,439.0,439.0,['2019']
['Bahia'],0.3253477839701832,['BA'],[29],['São Felipe'],[2929107],4603.0,733.0,352.0,381.0,2297.0,745.0,0.0,519.0,250.0,269.0,262.0,0.0,['2019']
['Bahia'],0.4644193653466692,['BA'],[29],['São José da Vitória'],[2929354],1446.0,158.0,0.0,158.0,883.0,224.0,0.0,0.0,0.0,0.0,0.0,0.0,['2019']
['Pernambuco'],0.33509724979070665,['PE'],[26],['Terezinha'],[2615102],1789.0,265.0,96.0,169.0,1181.0,199.0,0.0,19.0,19.0,0.0,0.0,199.0,['2019']
['Sergipe'],0.5373664848261733,['SE'],[28],['Tobias Barreto'],[2807402],10854.0,1534.0,514.0,1020.0,6679.0,1788.0,196.0,116.0,116.0,0.0,1.0,0.0,['2019']
['Sergipe'],0.4141451331771223,['SE'],[28],['Tomar do Geru'],[2807501],2901.0,449.0,97.0,352.0,1841.0,433.0,0.0,97.0,97.0,0.0,0.0,0.0,['2019']
['Sergipe'],0.5878972293689095,['SE'],[28],['Umbaúba'],[2807600],5536.0,781.0,213.0,568.0,3471.0,947.0,0.0,0.0,0.0,0.0,308.0,0.0,['2019']
['Bahia'],0.5661109740057144,['BA'],[29],['Andaraí'],[2901304],3411.0,503.0,164.0,339.0,2036.0,684.0,4.0,260.0,113.0,147.0,949.0,0.0,['2020']
['Ceará'],0.3692234699115096,['CE'],[23],['Antonina do Norte'],[2300804],1695.0,308.0,138.0,170.0,1054.0,281.0,31.0,0.0,0.0,0.0,0.0,0.0,['2020']
['Sergipe'],0.42564781289191256,['SE'],[28],['Arauá'],[2800407],2822.0,551.0,252.0,299.0,1604.0,331.0,0.0,0.0,0.0,0.0,10.0,0.0,['2020']
['Piauí' 'Alagoas'],0.3571592240663628,['PI' 'AL'],[22 27],['Batalha'],[2201507 2700706],12265.0,1682.0,694.0,988.0,5567.0,1844.0,445.0,0.0,0.0,0.0,2732.0,278.0,['2020']
['Maranhão'],0.29220805251706744,['MA'],[21],['Benedito Leite'],[2101806],1241.0,230.0,43.0,187.0,731.0,160.0,0.0,0.0,0.0,0.0,0.0,0.0,['2020']
['Maranhão'],0.34074938580614145,['MA'],[21],['Boa Vista do Gurupi'],[2101970],2588.0,467.0,175.0,292.0,1597.0,291.0,0.0,0.0,0.0,0.0,0.0,0.0,['2020']
['Bahia'],0.3773195943201817,['BA'],[29],['Boninal'],[2904001],2862.0,544.0,199.0,345.0,1706.0,612.0,0.0,0.0,0.0,0.0,0.0,0.0,['2020']
['Sergipe'],0.5179913293217606,['SE'],[28],['Boquim'],[2800670],5402.0,777.0,303.0,474.0,3209.0,782.0,150.0,0.0,0.0,0.0,0.0,308.0,['2020']
['Bahia'],0.4139360846945773,['BA'],[29],['Buerarema'],[2904704],3553.0,459.0,133.0,326.0,1981.0,502.0,28.0,39.0,12.0,27.0,113.0,0.0,['2020']
['Piauí'],0.3844958625886355,['PI'],[22],['Cajueiro da Praia'],[2202083],1849.0,366.0,18.0,348.0,1156.0,244.0,49.0,0.0,0.0,0.0,514.0,0.0,['2020']
['Piauí'],0.3589624376435395,['PI'],[22],['Campinas do Piauí'],[2202109],1439.0,208.0,93.0,115.0,741.0,144.0,45.0,0.0,0.0,0.0,0.0,0.0,['2020']
['Bahia'],0.4777393820261499,['BA'],[29],['Caém'],[2905107],2433.0,374.0,171.0,203.0,1581.0,384.0,0.0,162.0,162.0,0.0,60.0,107.0,['2020']
['Sergipe'],0.5610211244206118,['SE'],[28],['Cristinápolis'],[2801702],4591.0,827.0,362.0,465.0,2736.0,680.0,0.0,222.0,222.0,0.0,0.0,0.0,['2020']
['Paraíba'],0.43384191687934337,['PB'],[25],['Dona Inês'],[2505709],2331.0,425.0,161.0,264.0,1398.0,449.0,0.0,49.0,44.0,5.0,13.0,334.0,['2020']
['Sergipe'],0.5747119986777346,['SE'],[28],['Estância'],[2802106],13580.0,2280.0,1051.0,1229.0,7611.0,1854.0,485.0,843.0,843.0,0.0,0.0,380.0,['2020']
['Sergipe'],0.4475270255965821,['SE'],[28],['Indiaroba'],[2802809],4800.0,772.0,286.0,486.0,2908.0,806.0,0.0,84.0,84.0,0.0,13.0,256.0,['2020']
['Bahia'],0.4668555388720099,['BA'],[29],['Inhambupe'],[2913705],8666.0,1373.0,508.0,865.0,4862.0,1220.0,60.0,228.0,118.0,110.0,123.0,0.0,['2020']
['Sergipe'],0.5666969246369222,['SE'],[28],['Itabaianinha'],[2803005],10320.0,1475.0,509.0,966.0,6059.0,1854.0,0.0,115.0,115.0,0.0,125.0,148.0,['2020']
['Bahia'],0.4296045480911885,['BA'],[29],['Itaberaba'],[2914703],15139.0,2402.0,988.0,1414.0,7500.0,3077.0,1764.0,420.0,379.0,41.0,363.0,153.0,['2020']
['Bahia'],0.5197728706674013,['BA'],[29],['Itagibá'],[2915205],3685.0,503.0,61.0,442.0,2475.0,346.0,0.0,61.0,61.0,0.0,0.0,0.0,['2020']
['Bahia'],0.3441720734233114,['BA'],[29],['Itapicuru'],[2916500],7897.0,902.0,146.0,756.0,4998.0,874.0,0.0,166.0,146.0,20.0,0.0,0.0,['2020']
['Sergipe'],0.5292525385644264,['SE'],[28],['Lagarto'],[2803500],19833.0,3440.0,1430.0,2010.0,11326.0,3140.0,577.0,199.0,199.0,0.0,1.0,800.0,['2020']
['Bahia'],0.45226210070793527,['BA'],[29],['Lagoa Real'],[2918753],2491.0,376.0,107.0,269.0,1522.0,403.0,0.0,0.0,0.0,0.0,0.0,0.0,['2020']
['Bahia'],0.3082608127271962,['BA'],[29],['Lajedinho'],[2919009],914.0,172.0,66.0,106.0,480.0,137.0,0.0,56.0,56.0,0.0,0.0,0.0,['2020']
['Piauí'],0.44540832692907684,['PI'],[22],['Luzilândia'],[2205805],6415.0,1093.0,444.0,649.0,3583.0,799.0,0.0,0.0,0.0,0.0,0.0,170.0,['2020']
['Maranhão'],0.3550388104584304,['MA'],[21],['Mirador'],[2106706],4780.0,796.0,263.0,533.0,2976.0,711.0,0.0,0.0,0.0,0.0,0.0,90.0,['2020']
['Maranhão'],0.2939196234220346,['MA'],[21],['Monção'],[2106904],9070.0,1849.0,742.0,1107.0,5538.0,847.0,0.0,0.0,0.0,0.0,0.0,0.0,['2020']
['Bahia'],0.48041074292392316,['BA'],[29],['Nova Canaã'],[2922706],3542.0,568.0,211.0,357.0,1983.0,419.0,0.0,305.0,153.0,152.0,1309.0,0.0,['2020']
['Bahia'],0.5721323738846273,['BA'],[29],['Nova Viçosa'],[2923001],9956.0,1710.0,613.0,1097.0,5970.0,1570.0,0.0,620.0,600.0,20.0,1.0,196.0,['2020']
['Piauí'],0.40574642720973203,['PI'],[22],['Passagem Franca do Piauí'],[2207751],1415.0,366.0,205.0,161.0,692.0,136.0,0.0,0.0,0.0,0.0,0.0,0.0,['2020']
['Sergipe'],0.6402820339727944,['SE'],[28],['Pedrinhas'],[2805109],1922.0,282.0,91.0,191.0,1098.0,345.0,0.0,0.0,0.0,0.0,0.0,0.0,['2020']
['Bahia'],0.2506286529136163,['BA'],[29],['Piraí do Norte'],[2924678],2029.0,310.0,95.0,215.0,1208.0,224.0,0.0,0.0,0.0,0.0,0.0,0.0,['2020']
['Sergipe'],0.6207143015636006,['SE'],[28],['Poço Verde'],[2805505],4694.0,670.0,296.0,374.0,2896.0,804.0,0.0,63.0,63.0,0.0,72.0,0.0,['2020']
['Piauí'],0.3978527584047692,['PI'],[22],['Riacho Frio'],[2208858],1231.0,209.0,55.0,154.0,876.0,130.0,0.0,0.0,0.0,0.0,0.0,0.0,['2020']
['Sergipe'],0.4567668182389576,['SE'],[28],['Riachão do Dantas'],[2805802],4792.0,619.0,163.0,456.0,2901.0,661.0,0.0,0.0,0.0,0.0,0.0,0.0,['2020']
['Sergipe'],0.7075420543404929,['SE'],[28],['Rosário do Catete'],[2806107],2558.0,554.0,279.0,275.0,1456.0,237.0,0.0,0.0,0.0,0.0,0.0,174.0,['2020']
['Sergipe'],0.43158391788254546,['SE'],[28],['Salgado'],[2806206],4149.0,599.0,181.0,418.0,2538.0,588.0,0.0,76.0,76.0,0.0,0.0,0.0,['2020']
['Bahia'],0.443850245313102,['BA'],[29],['Santa Brígida'],[2927606],3723.0,562.0,117.0,445.0,2304.0,524.0,0.0,81.0,81.0,0.0,0.0,0.0,['2020']
['Sergipe'],0.5324756207352488,['SE'],[28],['Santa Luzia do Itanhy'],[2806305],3844.0,812.0,422.0,390.0,2390.0,381.0,0.0,102.0,102.0,0.0,0.0,0.0,['2020']
['Sergipe'],0.5753088087767708,['SE'],[28],['Santa Rosa de Lima'],[2806503],1149.0,238.0,98.0,140.0,656.0,180.0,0.0,15.0,15.0,0.0,0.0,180.0,['2020']
['Pernambuco' 'Bahia'],0.32253032818034955,['PE' 'BA'],[26 29],['Santa Terezinha'],[2612802 2928505],4851.0,765.0,266.0,499.0,2745.0,1002.0,0.0,0.0,0.0,0.0,0.0,471.0,['2020']
['Rio Grande do Norte' 'Bahia'],0.37309160889909915,['RN' 'BA'],[24 29],['Serrinha'],[2413508 2930501],22303.0,3813.0,2273.0,1540.0,9704.0,4420.0,2056.0,2307.0,2096.0,211.0,3948.0,326.0,['2020']
['Sergipe'],0.6020441517628473,['SE'],[28],['Simão Dias'],[2807105],8884.0,1459.0,627.0,832.0,5201.0,1442.0,0.0,565.0,488.0,77.0,28.0,701.0,['2020']
['Bahia'],0.6404153208872927,['BA'],[29],['São Felipe'],[2929107],4283.0,756.0,394.0,362.0,2182.0,799.0,0.0,538.0,286.0,252.0,234.0,1.0,['2020']
['Bahia'],0.5643683698636665,['BA'],[29],['São José da Vitória'],[2929354],1412.0,167.0,0.0,167.0,821.0,225.0,0.0,0.0,0.0,0.0,0.0,47.0,['2020']
['Pernambuco'],0.3744733312938321,['PE'],[26],['Terezinha'],[2615102],1653.0,260.0,97.0,163.0,1167.0,186.0,0.0,0.0,0.0,0.0,0.0,186.0,['2020']
['Sergipe'],0.5474728292901474,['SE'],[28],['Tobias Barreto'],[2807402],10707.0,1463.0,442.0,1021.0,6396.0,1775.0,218.0,132.0,132.0,0.0,0.0,46.0,['2020']
['Sergipe'],0.4011461433074946,['SE'],[28],['Tomar do Geru'],[2807501],2771.0,441.0,142.0,299.0,1729.0,452.0,0.0,97.0,97.0,0.0,0.0,0.0,['2020']
['Sergipe'],0.6504535941553388,['SE'],[28],['Umbaúba'],[2807600],5494.0,742.0,233.0,509.0,3379.0,971.0,58.0,0.0,0.0,0.0,0.0,58.0,['2020']
['Bahia'],0.5756356387910321,['BA'],[29],['Andaraí'],[2901304],3391.0,441.0,116.0,325.0,2028.0,753.0,0.0,214.0,74.0,140.0,519.0,0.0,['2021']
['Ceará'],0.3829342706146599,['CE'],[23],['Antonina do Norte'],[2300804],1734.0,314.0,141.0,173.0,1077.0,285.0,58.0,0.0,0.0,0.0,465.0,0.0,['2021']
['Sergipe'],0.492101737738557,['SE'],[28],['Arauá'],[2800407],2975.0,569.0,299.0,270.0,1616.0,366.0,0.0,0.0,0.0,0.0,0.0,0.0,['2021']
['Piauí' 'Alagoas'],0.367856170469088,['PI' 'AL'],[22 27],['Batalha'],[2201507 2700706],13557.0,1909.0,972.0,937.0,5533.0,1961.0,484.0,0.0,0.0,0.0,2746.0,322.0,['2021']
['Maranhão'],0.33784696798128805,['MA'],[21],['Benedito Leite'],[2101806],1221.0,248.0,51.0,197.0,719.0,157.0,0.0,0.0,0.0,0.0,0.0,0.0,['2021']
['Maranhão'],0.4286394789290453,['MA'],[21],['Boa Vista do Gurupi'],[2101970],3011.0,559.0,253.0,306.0,1611.0,360.0,0.0,0.0,0.0,0.0,1396.0,0.0,['2021']
['Bahia'],0.39871296887641416,['BA'],[29],['Boninal'],[2904001],2866.0,546.0,198.0,348.0,1711.0,609.0,0.0,0.0,0.0,0.0,20.0,1.0,['2021']
['Sergipe'],0.5285144407604281,['SE'],[28],['Boquim'],[2800670],5227.0,733.0,261.0,472.0,3173.0,817.0,160.0,46.0,46.0,0.0,0.0,335.0,['2021']
['Bahia'],0.42441632981987615,['BA'],[29],['Buerarema'],[2904704],3577.0,446.0,119.0,327.0,2019.0,600.0,57.0,31.0,11.0,20.0,108.0,0.0,['2021']
['Piauí'],0.38253373471534063,['PI'],[22],['Cajueiro da Praia'],[2202083],1903.0,381.0,156.0,225.0,1158.0,259.0,37.0,0.0,0.0,0.0,0.0,0.0,['2021']
['Piauí'],0.3715070458116324,['PI'],[22],['Campinas do Piauí'],[2202109],2207.0,217.0,97.0,120.0,803.0,154.0,41.0,0.0,0.0,0.0,0.0,0.0,['2021']
['Bahia'],0.5818634416319297,['BA'],[29],['Caém'],[2905107],2705.0,567.0,232.0,335.0,1574.0,471.0,0.0,370.0,230.0,140.0,16.0,166.0,['2021']
['Sergipe'],0.4832629384348337,['SE'],[28],['Cristinápolis'],[2801702],4860.0,825.0,339.0,486.0,2746.0,750.0,0.0,394.0,235.0,159.0,533.0,0.0,['2021']
['Paraíba'],0.5052851314825066,['PB'],[25],['Dona Inês'],[2505709],2457.0,458.0,162.0,296.0,1406.0,463.0,0.0,81.0,63.0,18.0,900.0,360.0,['2021']
['Sergipe'],0.5719950182507604,['SE'],[28],['Estância'],[2802106],13351.0,2033.0,783.0,1250.0,7822.0,2019.0,475.0,631.0,631.0,0.0,1.0,507.0,['2021']
['Sergipe'],0.4584693769190343,['SE'],[28],['Indiaroba'],[2802809],5048.0,813.0,345.0,468.0,3000.0,718.0,0.0,124.0,124.0,0.0,0.0,293.0,['2021']
['Bahia'],0.48222999372363234,['BA'],[29],['Inhambupe'],[2913705],9275.0,1399.0,428.0,971.0,4862.0,1643.0,54.0,230.0,77.0,153.0,116.0,0.0,['2021']
['Sergipe'],0.584153773111665,['SE'],[28],['Itabaianinha'],[2803005],10162.0,1437.0,480.0,957.0,6049.0,1844.0,0.0,162.0,162.0,0.0,36.0,248.0,['2021']
['Bahia'],0.5628530687124426,['BA'],[29],['Itaberaba'],[2914703],16815.0,2537.0,1047.0,1490.0,7919.0,3681.0,2002.0,431.0,391.0,40.0,341.0,153.0,['2021']
['Bahia'],0.5717231836838033,['BA'],[29],['Itagibá'],[2915205],3891.0,508.0,79.0,429.0,2508.0,412.0,0.0,50.0,50.0,0.0,0.0,0.0,['2021']
['Bahia'],0.42288155708271347,['BA'],[29],['Itapicuru'],[2916500],10818.0,1293.0,424.0,869.0,4872.0,1054.0,0.0,379.0,293.0,86.0,2111.0,0.0,['2021']
['Sergipe'],0.5339091629668512,['SE'],[28],['Lagarto'],[2803500],20031.0,3274.0,1348.0,1926.0,11281.0,3529.0,649.0,166.0,166.0,0.0,0.0,1152.0,['2021']
['Bahia'],0.47131549714769,['BA'],[29],['Lagoa Real'],[2918753],2525.0,396.0,130.0,266.0,1563.0,373.0,0.0,0.0,0.0,0.0,0.0,0.0,['2021']
['Bahia'],0.4825416486785265,['BA'],[29],['Lajedinho'],[2919009],988.0,177.0,70.0,107.0,466.0,210.0,0.0,38.0,38.0,0.0,0.0,0.0,['2021']
['Piauí'],0.4276944388636086,['PI'],[22],['Luzilândia'],[2205805],7644.0,1251.0,619.0,632.0,3824.0,881.0,0.0,0.0,0.0,0.0,433.0,203.0,['2021']
['Maranhão'],0.374445655048653,['MA'],[21],['Mirador'],[2106706],4909.0,955.0,370.0,585.0,3060.0,665.0,0.0,0.0,0.0,0.0,58.0,0.0,['2021']
['Maranhão'],0.2906797324994908,['MA'],[21],['Monção'],[2106904],8847.0,1758.0,795.0,963.0,5398.0,827.0,0.0,0.0,0.0,0.0,3463.0,0.0,['2021']
['Bahia'],0.4963793860834219,['BA'],[29],['Nova Canaã'],[2922706],3962.0,680.0,333.0,347.0,2011.0,574.0,0.0,680.0,333.0,347.0,1993.0,0.0,['2021']
['Bahia'],0.5749570073248119,['BA'],[29],['Nova Viçosa'],[2923001],10030.0,1736.0,711.0,1025.0,6072.0,1778.0,0.0,702.0,702.0,0.0,0.0,232.0,['2021']
['Piauí'],0.3367967591182404,['PI'],[22],['Passagem Franca do Piauí'],[2207751],1598.0,297.0,194.0,103.0,709.0,150.0,0.0,0.0,0.0,0.0,0.0,0.0,['2021']
['Sergipe'],0.7030094247305789,['SE'],[28],['Pedrinhas'],[2805109],2315.0,252.0,90.0,162.0,1130.0,366.0,0.0,0.0,0.0,0.0,92.0,0.0,['2021']
['Bahia'],0.28106022744348474,['BA'],[29],['Piraí do Norte'],[2924678],2191.0,387.0,111.0,276.0,1289.0,251.0,0.0,49.0,49.0,0.0,12.0,0.0,['2021']
['Sergipe'],0.623368033259266,['SE'],[28],['Poço Verde'],[2805505],4717.0,644.0,284.0,360.0,2833.0,914.0,0.0,85.0,45.0,40.0,67.0,69.0,['2021']
['Piauí'],0.4047470025163333,['PI'],[22],['Riacho Frio'],[2208858],1350.0,188.0,57.0,131.0,937.0,158.0,0.0,0.0,0.0,0.0,0.0,0.0,['2021']
['Sergipe'],0.4477227644188012,['SE'],[28],['Riachão do Dantas'],[2805802],5034.0,637.0,182.0,455.0,3010.0,695.0,0.0,0.0,0.0,0.0,0.0,0.0,['2021']
['Sergipe'],0.716636707448252,['SE'],[28],['Rosário do Catete'],[2806107],2645.0,584.0,271.0,313.0,1435.0,254.0,0.0,0.0,0.0,0.0,357.0,207.0,['2021']
['Sergipe'],0.4876156240129457,['SE'],[28],['Salgado'],[2806206],4150.0,594.0,132.0,462.0,2508.0,649.0,0.0,70.0,70.0,0.0,1.0,0.0,['2021']
['Bahia'],0.45718403121186113,['BA'],[29],['Santa Brígida'],[2927606],3756.0,507.0,137.0,370.0,2346.0,614.0,0.0,96.0,96.0,0.0,1.0,0.0,['2021']
['Sergipe'],0.5358145403555635,['SE'],[28],['Santa Luzia do Itanhy'],[2806305],4496.0,962.0,661.0,301.0,2464.0,333.0,0.0,151.0,151.0,0.0,0.0,0.0,['2021']
['Sergipe'],0.6135900470051701,['SE'],[28],['Santa Rosa de Lima'],[2806503],1208.0,251.0,129.0,122.0,677.0,218.0,0.0,0.0,0.0,0.0,0.0,218.0,['2021']
['Pernambuco' 'Bahia'],0.3630889988135282,['PE' 'BA'],[26 29],['Santa Terezinha'],[2612802 2928505],5130.0,871.0,343.0,528.0,2777.0,1049.0,0.0,0.0,0.0,0.0,0.0,392.0,['2021']
['Rio Grande do Norte' 'Bahia'],0.3745427658867949,['RN' 'BA'],[24 29],['Serrinha'],[2413508 2930501],24941.0,4527.0,2631.0,1896.0,10456.0,5383.0,2201.0,2951.0,2487.0,464.0,0.0,405.0,['2021']
['Sergipe'],0.6284568787637427,['SE'],[28],['Simão Dias'],[2807105],8767.0,1522.0,696.0,826.0,5184.0,1547.0,0.0,541.0,471.0,70.0,18.0,849.0,['2021']
['Bahia'],0.6374526924556209,['BA'],[29],['São Felipe'],[2929107],6093.0,984.0,572.0,412.0,2195.0,1028.0,0.0,688.0,412.0,276.0,240.0,0.0,['2021']
['Bahia'],0.5781632910834689,['BA'],[29],['São José da Vitória'],[2929354],1434.0,159.0,0.0,159.0,797.0,278.0,0.0,0.0,0.0,0.0,0.0,74.0,['2021']
['Pernambuco'],0.43065788816658945,['PE'],[26],['Terezinha'],[2615102],1644.0,246.0,90.0,156.0,1174.0,192.0,0.0,90.0,90.0,0.0,0.0,192.0,['2021']
['Sergipe'],0.565742288200199,['SE'],[28],['Tobias Barreto'],[2807402],10454.0,1347.0,438.0,909.0,6399.0,1742.0,141.0,174.0,174.0,0.0,0.0,116.0,['2021']
['Sergipe'],0.4122829387664518,['SE'],[28],['Tomar do Geru'],[2807501],2792.0,426.0,148.0,278.0,1654.0,551.0,0.0,379.0,127.0,252.0,680.0,69.0,['2021']
['Sergipe'],0.6590643637344893,['SE'],[28],['Umbaúba'],[2807600],5552.0,768.0,255.0,513.0,3278.0,1098.0,151.0,0.0,0.0,0.0,0.0,133.0,['2021']
['Bahia'],,['BA'],[29],['Andaraí'],[2901304],3161.0,529.0,199.0,330.0,1888.0,619.0,38.0,270.0,146.0,124.0,850.0,38.0,['2022']
['Ceará'],,['CE'],[23],['Antonina do Norte'],[2300804],1625.0,327.0,154.0,173.0,974.0,291.0,33.0,7.0,1.0,6.0,570.0,119.0,['2022']
['Sergipe'],,['SE'],[28],['Arauá'],[2800407],2688.0,521.0,276.0,245.0,1510.0,378.0,0.0,10.0,5.0,5.0,98.0,132.0,['2022']
['Piauí' 'Alagoas'],,['PI' 'AL'],[22 27],['Batalha'],[2201507 2700706],12954.0,1823.0,896.0,927.0,5372.0,2135.0,669.0,0.0,0.0,0.0,2770.0,466.0,['2022']
['Maranhão'],,['MA'],[21],['Benedito Leite'],[2101806],1195.0,223.0,43.0,180.0,723.0,141.0,0.0,0.0,0.0,0.0,508.0,0.0,['2022']
['Maranhão'],,['MA'],[21],['Boa Vista do Gurupi'],[2101970],3115.0,540.0,240.0,300.0,1544.0,373.0,0.0,0.0,0.0,0.0,1269.0,0.0,['2022']
['Bahia'],,['BA'],[29],['Boninal'],[2904001],2808.0,536.0,154.0,382.0,1698.0,574.0,66.0,11.0,0.0,11.0,0.0,26.0,['2022']
['Sergipe'],,['SE'],[28],['Boquim'],[2800670],4946.0,721.0,265.0,456.0,3007.0,847.0,69.0,61.0,57.0,4.0,46.0,344.0,['2022']
['Bahia'],,['BA'],[29],['Buerarema'],[2904704],3341.0,433.0,100.0,333.0,1945.0,532.0,24.0,38.0,4.0,34.0,117.0,0.0,['2022']
['Piauí'],,['PI'],[22],['Cajueiro da Praia'],[2202083],1946.0,448.0,209.0,239.0,1144.0,282.0,100.0,115.0,0.0,115.0,346.0,0.0,['2022']
['Piauí'],,['PI'],[22],['Campinas do Piauí'],[2202109],2273.0,214.0,114.0,100.0,690.0,131.0,109.0,0.0,0.0,0.0,138.0,0.0,['2022']
['Bahia'],,['BA'],[29],['Caém'],[2905107],2627.0,556.0,314.0,242.0,1352.0,405.0,0.0,309.0,289.0,20.0,342.0,178.0,['2022']
['Sergipe'],,['SE'],[28],['Cristinápolis'],[2801702],4860.0,947.0,470.0,477.0,2516.0,757.0,0.0,641.0,378.0,263.0,1030.0,169.0,['2022']
['Paraíba'],,['PB'],[25],['Dona Inês'],[2505709],2309.0,472.0,159.0,313.0,1366.0,388.0,0.0,54.0,44.0,10.0,1102.0,335.0,['2022']
['Sergipe'],,['SE'],[28],['Estância'],[2802106],13436.0,2315.0,975.0,1340.0,7530.0,2328.0,487.0,706.0,694.0,12.0,166.0,575.0,['2022']
['Sergipe'],,['SE'],[28],['Indiaroba'],[2802809],4768.0,846.0,371.0,475.0,2764.0,752.0,0.0,144.0,142.0,2.0,73.0,319.0,['2022']
['Bahia'],,['BA'],[29],['Inhambupe'],[2913705],8528.0,1454.0,506.0,948.0,4643.0,1390.0,0.0,264.0,101.0,163.0,138.0,1.0,['2022']
['Sergipe'],,['SE'],[28],['Itabaianinha'],[2803005],9711.0,1583.0,557.0,1026.0,5815.0,1821.0,0.0,243.0,243.0,0.0,579.0,249.0,['2022']
['Bahia'],,['BA'],[29],['Itaberaba'],[2914703],14892.0,2455.0,1096.0,1359.0,7758.0,2906.0,1381.0,528.0,465.0,63.0,488.0,267.0,['2022']
['Bahia'],,['BA'],[29],['Itagibá'],[2915205],3651.0,507.0,64.0,443.0,2470.0,369.0,14.0,115.0,64.0,51.0,218.0,100.0,['2022']
['Bahia'],,['BA'],[29],['Itapicuru'],[2916500],10388.0,1312.0,354.0,958.0,4497.0,1038.0,0.0,292.0,194.0,98.0,2683.0,0.0,['2022']
['Sergipe'],,['SE'],[28],['Lagarto'],[2803500],19769.0,3595.0,1517.0,2078.0,10909.0,3528.0,683.0,203.0,188.0,15.0,161.0,1264.0,['2022']
['Bahia'],,['BA'],[29],['Lagoa Real'],[2918753],2473.0,388.0,99.0,289.0,1483.0,425.0,0.0,1.0,1.0,0.0,15.0,0.0,['2022']
['Bahia'],,['BA'],[29],['Lajedinho'],[2919009],882.0,160.0,66.0,94.0,485.0,169.0,0.0,38.0,38.0,0.0,0.0,17.0,['2022']
['Piauí'],,['PI'],[22],['Luzilândia'],[2205805],7436.0,1218.0,595.0,623.0,3601.0,890.0,177.0,6.0,0.0,6.0,529.0,194.0,['2022']
['Maranhão'],,['MA'],[21],['Mirador'],[2106706],4826.0,975.0,432.0,543.0,2941.0,621.0,0.0,0.0,0.0,0.0,0.0,3.0,['2022']
['Maranhão'],,['MA'],[21],['Monção'],[2106904],8504.0,1707.0,826.0,881.0,5109.0,826.0,0.0,21.0,8.0,13.0,2475.0,3.0,['2022']
['Bahia'],,['BA'],[29],['Nova Canaã'],[2922706],3877.0,691.0,385.0,306.0,1832.0,569.0,70.0,691.0,385.0,306.0,1787.0,0.0,['2022']
['Bahia'],,['BA'],[29],['Nova Viçosa'],[2923001],9660.0,1747.0,768.0,979.0,5922.0,1518.0,0.0,748.0,739.0,9.0,97.0,215.0,['2022']
['Piauí'],,['PI'],[22],['Passagem Franca do Piauí'],[2207751],1778.0,313.0,197.0,116.0,663.0,148.0,61.0,3.0,1.0,2.0,159.0,0.0,['2022']
['Sergipe'],,['SE'],[28],['Pedrinhas'],[2805109],2886.0,496.0,324.0,172.0,996.0,434.0,0.0,0.0,0.0,0.0,36.0,143.0,['2022']
['Bahia'],,['BA'],[29],['Piraí do Norte'],[2924678],1978.0,333.0,29.0,304.0,1180.0,259.0,60.0,4.0,0.0,4.0,14.0,1.0,['2022']
['Sergipe'],,['SE'],[28],['Poço Verde'],[2805505],4433.0,721.0,307.0,414.0,2626.0,914.0,0.0,35.0,34.0,1.0,84.0,119.0,['2022']
['Piauí'],,['PI'],[22],['Riacho Frio'],[2208858],2125.0,194.0,67.0,127.0,844.0,156.0,73.0,194.0,67.0,127.0,811.0,1.0,['2022']
['Sergipe'],,['SE'],[28],['Riachão do Dantas'],[2805802],4744.0,603.0,188.0,415.0,2798.0,800.0,0.0,1.0,0.0,1.0,383.0,7.0,['2022']
['Sergipe'],,['SE'],[28],['Rosário do Catete'],[2806107],2464.0,531.0,265.0,266.0,1338.0,241.0,0.0,10.0,2.0,8.0,633.0,218.0,['2022']
['Sergipe'],,['SE'],[28],['Salgado'],[2806206],4020.0,594.0,174.0,420.0,2360.0,666.0,0.0,98.0,85.0,13.0,29.0,102.0,['2022']
['Bahia'],,['BA'],[29],['Santa Brígida'],[2927606],3600.0,513.0,128.0,385.0,2288.0,479.0,0.0,90.0,90.0,0.0,0.0,1.0,['2022']
['Sergipe'],,['SE'],[28],['Santa Luzia do Itanhy'],[2806305],4245.0,997.0,579.0,418.0,2290.0,286.0,0.0,329.0,322.0,7.0,176.0,4.0,['2022']
['Sergipe'],,['SE'],[28],['Santa Rosa de Lima'],[2806503],1110.0,239.0,103.0,136.0,626.0,179.0,0.0,0.0,0.0,0.0,0.0,179.0,['2022']
['Pernambuco' 'Bahia'],,['PE' 'BA'],[26 29],['Santa Terezinha'],[2612802 2928505],4865.0,840.0,337.0,503.0,2650.0,950.0,0.0,1.0,0.0,1.0,33.0,446.0,['2022']
['Rio Grande do Norte' 'Bahia'],,['RN' 'BA'],[24 29],['Serrinha'],[2413508 2930501],22943.0,4299.0,2400.0,1899.0,10080.0,4225.0,1860.0,2992.0,2213.0,779.0,449.0,527.0,['2022']
['Sergipe'],,['SE'],[28],['Simão Dias'],[2807105],9119.0,1601.0,715.0,886.0,5009.0,1612.0,219.0,558.0,475.0,83.0,44.0,815.0,['2022']
['Bahia'],,['BA'],[29],['São Felipe'],[2929107],6389.0,900.0,461.0,439.0,2140.0,874.0,35.0,677.0,357.0,320.0,711.0,6.0,['2022']
['Bahia'],,['BA'],[29],['São José da Vitória'],[2929354],1400.0,215.0,0.0,215.0,798.0,211.0,0.0,0.0,0.0,0.0,0.0,110.0,['2022']
['Pernambuco'],,['PE'],[26],['Terezinha'],[2615102],1705.0,265.0,103.0,162.0,1180.0,195.0,0.0,103.0,103.0,0.0,0.0,195.0,['2022']
['Sergipe'],,['SE'],[28],['Tobias Barreto'],[2807402],10192.0,1597.0,669.0,928.0,6103.0,1535.0,143.0,344.0,342.0,2.0,1076.0,187.0,['2022']
['Sergipe'],,['SE'],[28],['Tomar do Geru'],[2807501],2699.0,427.0,162.0,265.0,1556.0,538.0,0.0,343.0,157.0,186.0,679.0,79.0,['2022']
['Sergipe'],,['SE'],[28],['Umbaúba'],[2807600],5722.0,983.0,392.0,591.0,3142.0,1212.0,184.0,1.0,0.0,1.0,129.0,179.0,['2022']
['Bahia'],,['BA'],[29],['Andaraí'],[2901304],3048.0,556.0,215.0,341.0,1774.0,480.0,33.0,339.0,142.0,197.0,992.0,130.0,['2023']
['Ceará'],,['CE'],[23],['Antonina do Norte'],[2300804],1641.0,323.0,144.0,179.0,925.0,308.0,0.0,323.0,144.0,179.0,923.0,215.0,['2023']
['Sergipe'],,['SE'],[28],['Arauá'],[2800407],2685.0,513.0,275.0,238.0,1441.0,371.0,0.0,170.0,96.0,74.0,199.0,212.0,['2023']
['Piauí' 'Alagoas'],,['PI' 'AL'],[22 27],['Batalha'],[2201507 2700706],12093.0,2004.0,973.0,1031.0,5115.0,1930.0,731.0,153.0,125.0,28.0,2823.0,652.0,['2023']
['Maranhão'],,['MA'],[21],['Benedito Leite'],[2101806],1107.0,219.0,45.0,174.0,695.0,117.0,0.0,0.0,0.0,0.0,259.0,0.0,['2023']
['Maranhão'],,['MA'],[21],['Boa Vista do Gurupi'],[2101970],3015.0,487.0,231.0,256.0,1424.0,387.0,0.0,0.0,0.0,0.0,1238.0,0.0,['2023']
['Bahia'],,['BA'],[29],['Boninal'],[2904001],2872.0,591.0,194.0,397.0,1714.0,531.0,108.0,1.0,0.0,1.0,125.0,60.0,['2023']
['Sergipe'],,['SE'],[28],['Boquim'],[2800670],4812.0,763.0,325.0,438.0,2821.0,822.0,152.0,57.0,54.0,3.0,73.0,402.0,['2023']
['Bahia'],,['BA'],[29],['Buerarema'],[2904704],3235.0,440.0,132.0,308.0,1948.0,482.0,29.0,56.0,18.0,38.0,302.0,22.0,['2023']
['Piauí'],,['PI'],[22],['Cajueiro da Praia'],[2202083],2061.0,494.0,239.0,255.0,1165.0,258.0,185.0,0.0,0.0,0.0,444.0,172.0,['2023']
['Piauí'],,['PI'],[22],['Campinas do Piauí'],[2202109],1997.0,234.0,131.0,103.0,628.0,109.0,97.0,3.0,2.0,1.0,436.0,27.0,['2023']
['Bahia'],,['BA'],[29],['Caém'],[2905107],2805.0,637.0,304.0,333.0,1264.0,403.0,0.0,533.0,304.0,229.0,1049.0,193.0,['2023']
['Sergipe'],,['SE'],[28],['Cristinápolis'],[2801702],4519.0,970.0,486.0,484.0,2399.0,739.0,0.0,373.0,319.0,54.0,1294.0,217.0,['2023']
['Paraíba'],,['PB'],[25],['Dona Inês'],[2505709],2302.0,475.0,170.0,305.0,1326.0,384.0,0.0,168.0,167.0,1.0,650.0,287.0,['2023']
['Sergipe'],,['SE'],[28],['Estância'],[2802106],13018.0,2404.0,974.0,1430.0,7180.0,2324.0,461.0,707.0,689.0,18.0,213.0,546.0,['2023']
['Sergipe'],,['SE'],[28],['Indiaroba'],[2802809],4401.0,893.0,401.0,492.0,2596.0,728.0,0.0,175.0,167.0,8.0,67.0,287.0,['2023']
['Bahia'],,['BA'],[29],['Inhambupe'],[2913705],8274.0,1464.0,563.0,901.0,4528.0,1250.0,0.0,394.0,184.0,210.0,167.0,4.0,['2023']
['Sergipe'],,['SE'],[28],['Itabaianinha'],[2803005],9608.0,1763.0,777.0,986.0,5487.0,1713.0,70.0,273.0,273.0,0.0,285.0,262.0,['2023']
['Bahia'],,['BA'],[29],['Itaberaba'],[2914703],14835.0,2568.0,1084.0,1484.0,7445.0,2554.0,1616.0,636.0,539.0,97.0,725.0,356.0,['2023']
['Bahia'],,['BA'],[29],['Itagibá'],[2915205],3661.0,580.0,151.0,429.0,2409.0,297.0,6.0,200.0,151.0,49.0,186.0,182.0,['2023']
['Bahia'],,['BA'],[29],['Itapicuru'],[2916500],10615.0,1523.0,513.0,1010.0,4551.0,966.0,0.0,379.0,239.0,140.0,2229.0,6.0,['2023']
['Sergipe'],,['SE'],[28],['Lagarto'],[2803500],19503.0,3809.0,1613.0,2196.0,10673.0,3502.0,646.0,235.0,209.0,26.0,145.0,1173.0,['2023']
['Bahia'],,['BA'],[29],['Lagoa Real'],[2918753],2346.0,402.0,112.0,290.0,1383.0,418.0,0.0,1.0,0.0,1.0,16.0,0.0,['2023']
['Bahia'],,['BA'],[29],['Lajedinho'],[2919009],810.0,152.0,72.0,80.0,466.0,136.0,0.0,56.0,46.0,10.0,88.0,53.0,['2023']
['Piauí'],,['PI'],[22],['Luzilândia'],[2205805],8062.0,1226.0,574.0,652.0,3414.0,1021.0,372.0,2.0,0.0,2.0,1668.0,422.0,['2023']
['Maranhão'],,['MA'],[21],['Mirador'],[2106706],4564.0,985.0,436.0,549.0,2762.0,572.0,0.0,0.0,0.0,0.0,530.0,7.0,['2023']
['Maranhão'],,['MA'],[21],['Monção'],[2106904],8612.0,1842.0,874.0,968.0,5008.0,840.0,0.0,43.0,22.0,21.0,1290.0,3.0,['2023']
['Bahia'],,['BA'],[29],['Nova Canaã'],[2922706],3841.0,841.0,517.0,324.0,1701.0,467.0,6.0,841.0,517.0,324.0,1701.0,0.0,['2023']
['Bahia'],,['BA'],[29],['Nova Viçosa'],[2923001],9447.0,1899.0,845.0,1054.0,5638.0,1256.0,0.0,772.0,765.0,7.0,55.0,112.0,['2023']
['Piauí'],,['PI'],[22],['Passagem Franca do Piauí'],[2207751],1602.0,266.0,141.0,125.0,602.0,163.0,291.0,0.0,0.0,0.0,156.0,42.0,['2023']
['Sergipe'],,['SE'],[28],['Pedrinhas'],[2805109],2668.0,411.0,241.0,170.0,935.0,322.0,0.0,12.0,2.0,10.0,172.0,204.0,['2023']
['Bahia'],,['BA'],[29],['Piraí do Norte'],[2924678],2017.0,317.0,62.0,255.0,1171.0,266.0,93.0,1.0,0.0,1.0,4.0,9.0,['2023']
['Sergipe'],,['SE'],[28],['Poço Verde'],[2805505],4295.0,763.0,299.0,464.0,2509.0,813.0,28.0,33.0,33.0,0.0,78.0,159.0,['2023']
['Piauí'],,['PI'],[22],['Riacho Frio'],[2208858],2252.0,259.0,125.0,134.0,796.0,163.0,93.0,258.0,124.0,134.0,757.0,29.0,['2023']
['Sergipe'],,['SE'],[28],['Riachão do Dantas'],[2805802],4513.0,729.0,274.0,455.0,2636.0,679.0,220.0,16.0,3.0,13.0,1047.0,40.0,['2023']
['Sergipe'],,['SE'],[28],['Rosário do Catete'],[2806107],2286.0,532.0,276.0,256.0,1356.0,232.0,0.0,6.0,1.0,5.0,284.0,232.0,['2023']
['Sergipe'],,['SE'],[28],['Salgado'],[2806206],3911.0,618.0,208.0,410.0,2294.0,669.0,31.0,90.0,90.0,0.0,599.0,162.0,['2023']
['Bahia'],,['BA'],[29],['Santa Brígida'],[2927606],3519.0,556.0,151.0,405.0,2224.0,453.0,61.0,150.0,150.0,0.0,0.0,0.0,['2023']
['Sergipe'],,['SE'],[28],['Santa Luzia do Itanhy'],[2806305],3993.0,971.0,552.0,419.0,2046.0,288.0,0.0,370.0,338.0,32.0,73.0,2.0,['2023']
['Sergipe'],,['SE'],[28],['Santa Rosa de Lima'],[2806503],1035.0,229.0,106.0,123.0,594.0,158.0,0.0,0.0,0.0,0.0,30.0,158.0,['2023']
['Pernambuco' 'Bahia'],,['PE' 'BA'],[26 29],['Santa Terezinha'],[2612802 2928505],4884.0,888.0,333.0,555.0,2625.0,957.0,0.0,1.0,1.0,0.0,266.0,530.0,['2023']
['Rio Grande do Norte' 'Bahia'],,['RN' 'BA'],[24 29],['Serrinha'],[2413508 2930501],23403.0,4543.0,2734.0,1809.0,9469.0,3829.0,2191.0,3471.0,2537.0,934.0,3106.0,552.0,['2023']
['Sergipe'],,['SE'],[28],['Simão Dias'],[2807105],8769.0,1638.0,716.0,922.0,4828.0,1498.0,289.0,522.0,444.0,78.0,125.0,648.0,['2023']
['Bahia'],,['BA'],[29],['São Felipe'],[2929107],6653.0,970.0,455.0,515.0,2076.0,861.0,84.0,789.0,385.0,404.0,899.0,59.0,['2023']
['Bahia'],,['BA'],[29],['São José da Vitória'],[2929354],1222.0,146.0,0.0,146.0,775.0,155.0,0.0,0.0,0.0,0.0,0.0,114.0,['2023']
['Pernambuco'],,['PE'],[26],['Terezinha'],[2615102],1727.0,305.0,119.0,186.0,1071.0,217.0,0.0,95.0,95.0,0.0,167.0,217.0,['2023']
['Sergipe'],,['SE'],[28],['Tobias Barreto'],[2807402],9832.0,1706.0,684.0,1022.0,5716.0,1592.0,128.0,411.0,402.0,9.0,1143.0,256.0,['2023']
['Sergipe'],,['SE'],[28],['Tomar do Geru'],[2807501],2598.0,497.0,176.0,321.0,1500.0,474.0,0.0,199.0,155.0,44.0,573.0,97.0,['2023']
['Sergipe'],,['SE'],[28],['Umbaúba'],[2807600],5940.0,1067.0,466.0,601.0,3012.0,1280.0,228.0,3.0,0.0,3.0,424.0,231.0,['2023']
